x1,x2,x3,x4,x5,x6,y
-1.0,0.4291764901704299,0.14919528834083573,-0.9494680391930636,1.0,1.0,7.065800411421886
-0.45917548427481436,-0.27049120996719156,-0.274151839146138,-0.25223348659389044,-0.6009509115390677,-1.0,1.9845890859223845
-1.0,-1.0,-0.827188554923567,0.0693690369121055,0.0023613391883674506,0.922245809510059,0.09480522847918149
1.0,-0.008911764642119291,1.0,1.0,1.0,0.142745440421759,-6.01654693935323
-1.0,-1.0,-0.6001268846105381,-0.4123952014967984,1.0,-0.6279460390435021,0.9782078758634624
1.0,1.0,0.9112830350314558,0.15754229431237232,0.5551734182568063,0.8675226072918751,-4.697437865958855
0.47933491247961246,1.0,-1.0,0.04412792894852907,-1.0,-0.28743546500875095,2.1590782458707225
-1.0,-0.5610156542936442,-1.0,-1.0,-0.8876322730693084,0.15605981926560647,-2.285471653725082
-0.36392567070430215,-1.0,-1.0,-0.32131242353439027,-0.5551737198816797,-0.13327674360818914,-3.3864652785262215
-0.11051741255146544,-0.5504053508654482,0.8222451982006941,-0.8004611423336252,-0.3494954640358839,1.0,-1.3235072225308513
0.5690125852627901,-0.054244214854190995,-0.5109592207448219,0.7937543910554364,-0.3893327914507384,0.18763620524603974,0.29320321235078867
-1.0,-1.0,-1.0,-0.1809796031830504,1.0,1.0,2.606427394658145
0.10505510715285071,0.2052187341224333,0.37185639835063067,1.0,-1.0,-0.1925058899395179,0.8877902238391118
-1.0,-0.6753251059247514,-1.0,-0.806539814653902,-1.0,-0.9008936607722382,1.7633425377412735
-0.9756358328435052,-0.2593488724750985,-0.8926319244340951,-0.4434747404266254,-1.0,-1.0,1.3050480846724706
-1.0,-1.0,-0.7466672458340038,-0.40895550488056887,0.08930056942777498,-0.6757701119951595,0.2402208910650609
-0.37906344443821594,-1.0,0.9329550394025686,-0.8542128030311062,-1.0,-0.4189840940446874,6.998057217618483
0.7616966449487073,0.06759230233885294,0.7524501751885357,1.0,1.0,0.15402852245613352,-3.3105028191036747
-1.0,0.024979279869832893,-0.10561356517963594,0.6760959097353805,1.0,1.0,7.228794334746737
-1.0,-0.9307015726892325,0.10730837093309398,-1.0,0.926280599686226,0.807684967438827,1.4307227703767218
0.37078919707229324,0.04450822273542865,-1.0,-0.20110464965204555,0.10852729126793506,-0.6127581386793033,-0.16879283212474
-1.0,-1.0,-0.06834605498818158,-1.0,-1.0,-0.5267778571258954,4.825071958285401
0.6958085180838945,-0.45891319894579374,1.0,0.04069269866064584,0.23134393781331197,0.9271485101661847,-1.9899031338900768
-0.002986533531649904,-0.9520921495528571,-0.6211085082503482,-0.6386308335214723,-1.0,0.21468344494626335,0.7132246102733483
0.2207939005728181,-1.0,0.07009286276465032,-0.27046955967670805,-0.6244689242518923,0.9948106871726464,3.074549859845982
-0.45561742933994775,-0.8422970161511963,-1.0,0.23006356289526725,0.0163984226623618,0.8612611917453681,3.5969184283110587
-0.3466096081512564,0.7428847105950145,1.0,-0.6351766509471397,0.587931981004265,-0.5395713010478416,-0.5125174840919368
-0.1402539398585824,-0.6520246905329282,0.28005386435544427,0.8903708288587595,-1.0,-0.009219910824766586,0.004793123543999522
-1.0,-0.3399339783278724,-0.8847424060738057,-0.031445692872961284,-0.06888415671652637,-0.3174876858547894,-0.6241945963870508
-0.3482234068427055,-0.16612190942995297,-1.0,-0.1427943053095444,-0.5573375183723963,0.21195084781154405,-0.1970654912066685
-0.648240407710331,0.07152031939070252,0.21123495094672307,1.0,0.5785866097216859,1.0,3.5976186048214953
1.0,1.0,-0.13953454460419268,1.0,-1.0,-0.5145497339644848,8.410838954801875
-0.700066449202124,-0.34728461500661345,-1.0,-0.881603705242978,-0.7572319726929795,-0.5638196688258279,-0.5588535335339782
-0.16251284267957633,0.5523296084645744,0.7678149887176333,0.7333193165194094,0.18501394801495885,0.023539903055683542,-1.0275732045993988
0.6431950682732065,0.944716183094126,-0.3362813527471407,1.0,-0.7817874418296862,0.0138898731562902,4.451863405484645
0.0762192443672629,0.7574082708945704,0.8972516627281513,0.21319809844412996,0.16061663144395324,-1.0,1.184450474137526
-0.28249802069835755,1.0,0.1632018909093904,-0.520957791306121,0.9904969264785575,-0.5024046066596414,1.7789472984733217
0.39015212891414497,-0.34136077898071837,-1.0,-0.8409861758770032,-1.0,-0.43416443188351983,3.061928914540073
0.6567580251819513,0.0758472705306859,-0.6755744727816959,-1.0,0.6789830197809303,0.1235801677526448,-1.092694340592045
-1.0,-0.04366862193069143,-1.0,-0.8055360131916968,-0.22838702718033344,-1.0,4.622400215993332
-0.03389383067697116,0.5128110385136171,0.4477868717542916,0.13324297619782355,-0.21321553511317062,-0.27100337712687983,0.4830814750091449
0.27581494933257344,0.8008595166748478,1.0,0.6974306525987926,-1.0,0.17493994109926714,-1.6302358304514057
1.0,0.013625421604079202,0.9798265020522683,1.0,-0.6503096328952754,-0.48998530281162533,3.969045204227239
-1.0,-1.0,-0.9442638033808448,-0.8448702077627931,-1.0,-1.0,2.8750024249992205
0.7029258143862784,1.0,1.0,0.574687808250351,0.84160804769772,1.0,-5.754156089646477
-1.0,-0.8349282186641599,0.10684628271426255,-1.0,-1.0,-1.0,4.976620020037256
-1.0,-0.9872255680609032,-1.0,-1.0,-0.3543817263334206,0.010702114190472178,-5.472365750757329
-0.7703826021816497,-1.0,-1.0,-0.5544800960612148,-0.4282534053014988,1.0,2.5659431717253014
1.0,1.0,1.0,1.0,-0.741111119728517,-1.0,7.691481603482013
-0.8018672979409116,-0.6250170602377745,-1.0,-0.7951451062279151,0.5755903103196497,1.0,4.866899758800846
0.7628305482328653,-1.0,0.4471207998698751,-1.0,-1.0,-0.4014405401559349,12.221285434860553
-1.0,-0.0994601156024475,-1.0,-0.4420226108247219,-0.720454288794542,-1.0,4.619894828721605
-0.0006349395871323438,0.668474043066448,-0.641015907358067,-0.6167885120517107,1.0,0.961939589478658,7.365482575400131
1.0,0.0019202182756793418,0.0852569593134076,-0.2801298613898654,0.11253156331158154,0.6887469575232031,0.962103392180975
1.0,0.9807808320132045,1.0,1.0,0.48254944505268726,0.5195977728701962,-6.8848030048983455
-0.5529704502270821,-0.44434597653740604,0.00838990364198533,-1.0,0.4305843832995333,-0.22469061313339464,0.8284042919562699
0.780992420000724,0.19184018172401096,0.07677216114185903,-0.1707635407841973,0.2500856520348401,1.0,2.642487047001731
-0.2500524691199547,-0.2507550710478993,-1.0,0.06533273776621801,0.6315931016543497,0.5898790790738857,2.3642278175149354
-0.46538176817767474,0.7851148445353938,-0.5978670118087421,-0.25474640757140277,1.0,0.15454981164648984,3.2437403404280256
1.0,-0.6699345419509681,-0.3755031688427092,1.0,1.0,0.8039786072465724,0.43148507801997593
-1.0,1.0,0.40572715534512677,-1.0,0.17858417109806862,1.0,1.5619284536637652
1.0,0.8499606601788929,1.0,1.0,-0.1045429468019583,-0.7957875712854281,2.0794385572073937
1.0,-0.05426662830201634,0.20563468009498076,0.6072195162809928,-1.0,-0.8066961012278842,6.937816341536118
-0.6357557181712938,0.17011022997447406,-0.44063858640586473,-0.25091318237803706,-0.013004786664426726,-0.44225393156825876,0.27950100173450393
-1.0,-0.14385965746044893,-1.0,-0.7579255083312488,-0.6119353555590132,0.19801610348341545,-1.5992664732961999
-0.39123768591479874,0.630888439408164,1.0,0.10650899896289542,-1.0,-0.17083192462155883,-2.6728868300430833
0.036032352326673206,-0.013453588864828614,0.6487279023012436,-0.08382088886661171,-0.7974948614410946,0.5758909906757214,-0.9327977011971776
0.7474723824637632,0.6652593584869231,0.053414133060201596,0.17737248524360338,-0.23858297501496084,-0.6306408615818215,1.5960521145289213
-0.44594160566056656,1.0,-0.6009174682614736,-0.44490422638899063,1.0,-0.08381347560980418,3.3535035834239366
-0.23037837417113322,0.08349127965530467,-1.0,-1.0,0.015192179951937113,0.01031033672128858,-2.126331594486562
-0.4791431017550494,-0.655135010358982,0.8207826913588603,0.9397144311651698,-0.11012224110345015,-0.0006216595544260572,-0.696125908383953
0.35065888545308177,-0.7335802848401787,0.4513124407845359,-1.0,0.3928483152607282,1.0,-1.4630480685267866
-0.7200772941979463,-0.5022839732942534,-0.8938612083397511,0.4778415679578389,1.0,-0.15279700071325328,-0.6473778602278466
1.0,0.5612008044068754,1.0,-0.10763408885569203,-0.35392483639866645,1.0,0.7160803881877165
-0.31510992891257156,0.8856817612246957,1.0,0.9541904618819868,0.5607050567043224,1.0,-4.417395364216917
0.06949311856398102,-0.4851880463767224,-0.5516587713564488,-1.0,-0.5138353984403548,-0.7594297864517867,1.4067198598849537
1.0,1.0,1.0,1.0,-0.44298125873786065,0.07776727843979482,-0.008692363851265539
0.9753531844141097,-0.3674229379772169,-0.5716190967346207,-0.29084164963455955,0.395971769759671,0.7614510550917445,-1.3418018583724023
-0.5460717280942202,0.06430047233381964,-0.12757774286658236,0.24927232872670746,0.8333767624908504,1.0,4.737035976705208
-0.09050371850000194,-0.4341324955655639,-1.0,-0.3497968654893113,0.4515411600777963,-0.6161218995807516,0.8129154880388083
-0.22166359259177354,1.0,-0.4453182750711759,-0.14952054799537362,-0.6667965798535396,-0.088290784648418,1.1997891917517998
-1.0,-0.14356164601176769,-0.4189125561355582,-0.9378615673727339,1.0,0.4599685070826096,4.464528965455044
1.0,1.0,-0.023757379887485205,1.0,0.8029674826234976,-0.10668067913418522,-1.4047404836877757
1.0,1.0,0.8753897691991939,0.5410114645804036,0.2058570899721115,-0.4167038398294376,-1.4129073583320932
0.19575821608674715,-0.13652212674873843,-0.7094207783847374,-0.48024377218740066,1.0,1.0,3.4701257305014135
-0.9150296286461507,-0.6779377539253946,-1.0,0.03941389141542559,1.0,0.09592920421482032,-2.64519904154542
0.46500379517300994,1.0,1.0,0.10761159112355867,1.0,1.0,-2.3871195073533684
-1.0,-0.07986014773127881,-1.0,-1.0,0.656097438300835,0.8490292181681565,4.707685723346637
-1.0,-1.0,-1.0,-1.0,-0.2982142395664259,0.07666604959630818,-6.484294099565207
1.0,0.3700692645445729,1.0,0.993245225387406,1.0,0.1543468662934293,-5.801954669519466
-1.0,-0.7574678601301601,-0.1208658642819691,0.694721198814801,0.8849916202694272,1.0,4.184195046233703
-0.26303801662101556,-1.0,-0.9915542026488866,-1.0,1.0,1.0,-0.4778795870636283
-0.27253747754197044,-0.16660726308564164,-1.0,0.9153522147626876,-0.018394178978424547,-1.0,2.2942893361094345
-0.1919740550241713,-1.0,-0.9233928865054639,-1.0,1.0,1.0,-0.764192687047308
-0.25967959266144336,0.7350770276506374,0.2721955866257284,0.42161920596236785,-0.06098084564919115,-0.39744608717569513,0.38008268002221135
-0.7252478785560215,-1.0,0.6772775436003838,-0.17701520550173244,-0.8596762221303882,-0.8253647854473003,3.738317930592082
-1.0,-1.0,-0.7883295110305222,-1.0,-0.6474816807796429,-0.1210061887326806,-3.0151889176792444
-0.8642217633111515,-0.1383282808562158,0.7112109886808925,-0.6500831032693476,1.0,1.0,2.7338579343668776
-1.0,-1.0,-1.0,-1.0,0.1811792992435416,-0.6637927503957376,-2.8643445646283427
0.5237391992062028,1.0,0.8327751809301023,-0.7860693473977116,0.9771306708349234,1.0,1.9235268204023184
-0.40674506750001715,-0.7935323611795011,-1.0,-0.1365699315605901,-0.1790842785246598,-0.39582266167273156,-1.3984414669109528
-1.0,-1.0,-0.22121555497886336,-1.0,-1.0,-0.3452628664886881,2.58996524921396
-1.0,-1.0,0.6035269701258758,0.17396879777320567,-0.11857864346857072,-1.0,4.827835172750776
0.6502431660151003,0.8671755236140957,-0.20559965456915258,1.0,1.0,-0.20233731141196332,-0.7218594189903184
1.0,-0.9144383653252456,-0.5401635207555092,-0.8809571460046097,-0.5220507814062985,0.010397756907008282,3.1086231259734545
1.0,-0.09734289024545295,0.06575735058688581,1.0,0.8938500054827041,0.3625353836046188,-1.6557271784933567
-0.6984960765724295,-0.5486047942985743,-0.35009965198753745,-0.8233073858174014,-0.06444763870995485,-0.3706205987467791,0.0958574825795066
1.0,0.6133252977450114,0.47308789032397175,0.2589138465057699,-0.13276579918712772,0.06785627640446434,-0.004126561534670281
1.0,1.0,0.9672688336925976,0.004974925351548476,-0.9601389165876557,0.627463178712804,1.0144257669048344
1.0,1.0,-0.21717740555371134,0.9415313159245035,-0.3207929500020871,-1.0,8.538903078213227
0.8447972608628403,-0.47621680460060656,0.21256666741044594,1.0,0.07527251772018595,-0.30878533052252144,1.2752852526864302
1.0,1.0,-0.2193366739513617,1.0,0.0753309111832127,0.28259296955902513,1.2469005623380907
-1.0,-0.22923839310680383,-0.7868364622733877,-0.7635803003825088,-1.0,-0.1137328284890009,-2.6644606994199194
-0.23514289189495263,0.25307686968063176,-0.38521998614182495,-0.3899269091802921,-0.12092195875657952,0.6690233949186329,2.316333521255113
-0.8503889484928663,-0.8736000601075539,-0.43608465840466426,-0.4285966738544473,-1.0,-0.22221022884313246,-1.1179541830331903
1.0,0.5673414828825236,-0.8913544539149687,-0.909395346067044,-1.0,0.705659328358059,8.993126038285832
0.5016621168103026,0.32066152930824454,0.9404654460962963,0.3467306270284982,-0.08527589065418817,0.27656594079776475,-1.0787977417502925
0.9250103916417036,-0.5006053171727012,0.020584727378819445,0.3060796067620494,-0.9722443211577807,0.5176009003808644,3.256740839915818
1.0,1.0,-0.5858693599067362,1.0,-1.0,-1.0,12.307388474130985
0.1643575076335807,0.8154718868339546,0.5257661148643178,0.5238813112441649,-1.0,-0.23155019880557615,-0.14953482909750565
0.9484386232075267,0.00533636775119084,-0.9744081648426198,0.259262871242095,0.39791468391700996,-1.0,-0.3465471185406292
-0.9809541042467305,-0.4660220918934476,-0.7055751217153905,-0.8577965590059435,-1.0,0.42973383864357884,-1.853183295914837
-0.14538620235864563,-1.0,-0.14776349386084808,-1.0,-0.8365439423616448,0.7877501859232061,3.8234938746798455
-0.10649156359448739,-0.9781405788621588,-0.5141742807066091,-1.0,-1.0,-0.32269596008091384,4.066196602529963
0.1717802630069059,-0.8682200616660621,-0.743816556670011,-0.47244957428200984,-0.6158617705873427,-0.6041279871606002,0.31659881735862583
0.602669205708751,-1.0,-0.5974391959006311,-0.2947509762443911,-1.0,0.6996191587058851,3.1544626268919824
-1.0,-1.0,-1.0,-1.0,1.0,1.0,-1.6750884704700746
-0.7120404712674919,-1.0,-0.49359076181073935,-0.03928289493252879,-0.1214398786026708,-0.006720198632051977,-1.928180026496519
0.49732870560142645,0.6365206462421253,-0.9096163393485045,0.02841212677007432,0.11111725703025144,0.5078081303990704,1.5803060464483745
1.0,0.6330586723837444,0.892810070521326,-0.03765516353538251,-0.4707082180822989,-0.8420828484976156,3.4858015562398372
0.31173595837172974,0.2486303877048579,0.1953929190981598,0.41842263935423163,-1.0,-0.41959198144645976,1.6300135930495552
-0.701065626473671,0.2546674349932384,-0.6971507520119113,-0.9274563800260329,-1.0,-1.0,-1.1266165771698295
-1.0,-1.0,-0.00875844409577009,0.05421465709574019,-1.0,-0.12578507074614398,-1.980417707957082
0.28874341599901976,-0.6457247527636223,0.8435298277955718,0.05737901998329836,-0.30417076147112,-0.6890440699268008,2.7935778339969715
0.9947468965303125,1.0,-0.13237720146712528,-0.2997771196681224,1.0,-0.3327445490189178,-0.5935101876163842
0.2994339616431859,0.8680987211308326,-0.059875578893539616,-0.19178607988378632,-0.8114870369376261,-0.2685344092931077,0.737054914338121
-1.0,-0.10649311457846578,-0.2030051340453275,0.024831805566065304,0.829748456309177,-0.0450829497055627,1.5442074542784654
-1.0,-1.0,1.0,-0.22550821852182112,-0.15742757075620972,1.0,-1.6756932968923919
0.3838623026171045,1.0,0.09174189047720624,5.252651237575012e-05,0.7770929410523928,-0.3881396973389394,-0.3657055793814602
0.11212369731190641,0.8904320228225784,1.0,-0.6829745478839584,-0.679512862359843,-0.7598297232431926,-2.497628924190039
-0.5217864827285379,-1.0,-0.5788186059399649,0.9212997134101166,1.0,1.0,4.342630688231607
-0.4046579537448113,0.640887433928722,0.9242507712920282,0.27218433790716345,-0.7390338042603699,0.3011455846421289,-3.355991769872531
0.6316191518916366,1.0,0.9080706774392358,1.0,-1.0,0.5348651801805766,1.4124382637649853
-1.0,-0.24753247034966508,-0.3943961988252944,-0.16420136763433368,-0.8054814029339148,-0.12559317258603442,-2.291419273242359
0.45178537836993604,1.0,-0.17431335315703111,0.15173954785199056,-0.4844259371457661,0.12822360247583459,1.1250297139078784
-1.0,-0.26714949806489896,-1.0,-0.9325353061631034,-0.6023200115795344,0.311000829328386,-2.261816685887363
0.2686906327231591,1.0,1.0,1.0,-0.7153087113968881,0.5722543941847049,-2.862333534762816
0.6322005711614705,0.28920720298154057,-1.0,-1.0,-1.0,-0.08042571304351695,1.981744077967814
-0.749536023766247,-0.16258616848490853,0.19517617913268365,0.30600510990876273,0.019984237252646864,1.0,1.838938504331219
-1.0,-0.6984770598607859,0.16825840478658965,-1.0,-0.6376115101973424,-1.0,4.55077370019127
1.0,1.0,1.0,0.3538032223830503,0.5238477219010428,-0.2316709358085305,-3.167787602767153
-0.4202236998475597,0.05239928805200833,1.0,0.46324725987054804,-0.14122928660598572,0.030455227723458267,0.05958533396092336
0.5122422203964744,1.0,0.3522732915141314,0.5544467513351028,-1.0,-0.46148418154755433,1.9969917130180355
-0.13956242883378778,-1.0,-0.46248268040911666,-0.6554741656447348,0.007203843996899106,-0.9196907519028765,3.0334206790061313
-1.0,-0.4007835437514723,-0.6051402951480243,-0.8519610543179094,1.0,0.5216415761938948,1.7988737242066668
0.20628239571058493,-0.8202496147454779,-0.5255473771042938,-0.4011374413020299,-0.15087897591096633,-0.019499029345126706,-0.8032038666070747
-1.0,-0.9395354338304969,-0.46416434035888776,0.0204257744538896,1.0,-0.6229883120885349,2.2419911249015207
0.34066464173269395,1.0,0.11435949177991,1.0,-1.0,-1.0,6.8827077747778365
0.10878123471573906,-0.172955289353102,-0.44191687568142046,-0.4681059502557986,-0.09789291832496289,-0.11504584417845842,0.5029707071805656
0.31973517267343815,1.0,0.34339794791669886,0.382209386758968,0.2732722408212088,1.0,2.2721212109139266
-0.20718961424031668,-1.0,-0.0831232170168762,-0.44198524145732077,0.21427748085526988,0.3578402370504066,-0.922118499525872
0.8113837751590438,1.0,1.0,1.0,-0.5508702571667315,-0.251153729829526,0.8879497565891963
0.35759688469887674,-0.9378538960406165,-1.0,0.45615457914121793,-1.0,-0.34497424136000565,-1.9584460281737424
-0.8894499121569526,-1.0,-0.08759613258176469,-1.0,-0.011433365261055206,-1.0,5.300957048405164
-0.24907278419168222,-0.27337579300218484,0.6484547573246595,0.24831060878492506,0.9742756277423283,0.6721943722423507,0.33133109273655315
-0.603732390060275,-0.6837020128696631,-1.0,-0.5369654245521578,-0.4067983006812179,-0.23471735529091803,-1.5184640219946264
-1.0,-0.7839922512183333,-1.0,-0.7395851379915193,1.0,1.0,3.232775819348751
0.43995504937181495,1.0,0.1356818183122115,1.0,-1.0,-0.20295309624369695,4.572074007037938
-1.0,-0.4754698151769752,-0.04647340044236015,-0.9105094369556408,1.0,-0.4691888835544782,5.01609430887086
-0.20201656640783205,-0.10476129142581242,-0.16274875182684767,0.023441368196376156,1.0,0.45458538200424314,0.21814275218002777
-0.8726456856939431,-0.013333287719010656,-1.0,-1.0,-0.4910524838139793,0.4556067826830095,-0.46999157563508165
-1.0,-1.0,-0.05467681576085304,-1.0,0.7163542389421791,1.0,-0.4580399007116592
0.44076427936622925,-1.0,-0.03744456313309974,-0.07261649087207278,1.0,0.9551613198596197,0.35447952561759627
-0.6717753161266393,-1.0,-1.0,-1.0,-0.9933727472440455,-0.7790690906855795,2.847361682479176
-0.8387582996893492,-0.5922898862745949,-1.0,-1.0,0.28406207415023177,0.056438134684722044,-2.7997717136390494
0.2538684840598941,-0.16969287973159175,0.7873076625582094,-0.5056448575418456,0.6234649430879419,-0.4373746489375261,0.5616237988745851
0.7789783721218859,0.25769760901291217,1.0,1.0,-0.263196713364225,-0.4530110669669576,2.1945968669861458
0.026323438262241233,0.5065866726950842,-0.7096772384969845,0.5891080191270763,0.435749511709282,-1.0,1.1757663826396292
-0.17037441680103793,-0.9121774571816208,-0.08267945026217871,-0.26209454495996165,0.16464248947055724,1.0,1.7627237289404016
0.9347458118332912,0.8375954735418636,1.0,-0.3259635264362153,1.0,0.2026239025510984,-2.8824645836837686
1.0,1.0,0.7684249972500004,1.0,0.8653024826596954,0.6199174164810846,-7.500098064295839
0.7732488157813409,0.7405042313438074,0.11803051335730741,1.0,0.17596440644887124,1.0,1.718156270014599
-0.3463656541568012,-0.9651946039931867,0.8038598416051648,-1.0,-0.8154085028580939,0.2192108076491806,3.9388501848228827
-0.7868327171131423,1.0,0.792652031576277,-0.2895005894902013,-0.7094823785342582,-0.21710649167516863,-2.2044673109819297
0.33991933441456423,-0.021050198683497834,1.0,0.7687498303102984,0.09241760645004687,-0.5494132768386465,0.23551389609378742
1.0,-0.1634311920697761,0.7908018520088677,1.0,0.6547286173011159,-0.5071474813061546,-1.5616220911053393
-0.2927196421150472,-0.2936684281407944,-1.0,-0.11236895018480642,-0.5933266424798844,0.12091618644338642,-0.8844106035299351
0.1089367325139024,-0.11002414497299379,-0.4493725607042982,-0.30234717778683745,1.0,0.5263135976774158,0.7715443738364802
1.0,1.0,1.0,0.626044173125396,-1.0,0.5159079762441979,0.744059162873195
0.14600623933371537,0.5398286954695379,1.0,0.7477991895421614,-0.34816420851246066,0.7915825882531478,-1.7751111921460188
1.0,-0.09631307431740332,-0.298981857488825,1.0,-0.1554337388456256,-0.642424919790357,1.2954310553373043
1.0,0.6262903265316262,1.0,1.0,0.024183620570392195,-0.40060251798040025,-0.03069812354403073
-0.21936595613244309,0.30493675792658387,-0.18767340438438526,1.0,0.6029979967516141,-1.0,1.3254271982115167
0.9730401123728869,0.5799385887116494,-0.2363549528851453,1.0,0.4441394912488431,-0.11905635758272948,-0.5966109467947026
1.0,1.0,-1.0,0.10126200703962795,0.48189637324672385,0.935029958538528,3.8728663123587266
1.0,0.15671839342930793,1.0,-0.6021023302997679,0.24513695131509589,-0.764375787534469,2.4543369015567595
1.0,1.0,0.2146374025868727,0.414633956037558,-1.0,-1.0,7.207498329647102
1.0,0.3303951380701229,-0.1392916988229257,0.11187307131242763,-0.35713252256650163,-0.8278002897483423,4.424319867208897
1.0,1.0,1.0,0.411713440164873,-0.5776538927533515,1.0,-1.2101308475242525
0.1566628334300636,-1.0,-1.0,0.7267761897775933,-1.0,-0.04028441063966848,-1.8093051894855574
0.0003558477996952192,0.729332855321625,1.0,1.0,-0.6393758303805869,-1.0,1.6470782566697877
0.09324488157313737,0.1427598621615832,-0.24611296104209412,1.0,-0.3663928570209937,0.19427361959118844,0.3678007257985443
1.0,1.0,0.49002487705510345,0.29285666591368953,0.3130233956905393,-1.0,1.383275527209864
0.32604982423807016,-0.15890654845757718,-0.4126959164635106,-0.15387341431888085,-0.4778771664818885,-0.027763396871872237,0.6555880704486312
-1.0,-1.0,-1.0,-0.3978191717289219,-1.0,-0.00014976228096308386,-5.473388123139335
-0.2301277263304512,0.5643378054283723,-0.029196317222530743,0.2595951616962046,0.318842699710266,-1.0,2.5523981516632297
0.3050339833711625,-0.012913854451221451,-0.7750014460522789,0.39095330323929306,0.24861315443463583,-0.15232364253335917,0.010931527923942586
-0.2019529599069234,-1.0,-1.0,-1.0,-0.09173648771317555,1.0,0.5651588538186246
1.0,-0.1737706403066156,-0.15245642870516202,0.2750132197571627,0.6801490415869766,1.0,0.3582253288114217
-0.7094149137540665,0.24591809786601598,-0.39222422969222215,0.4422764120284005,1.0,0.325993072130228,2.3562605310072353
-0.15183297754333058,-0.24375616766822894,1.0,0.5418354188021097,-0.32915798384845807,-0.13518883707535465,-1.0969147825594852
-0.7627820499868634,0.2506132197042211,-0.6650753174240194,0.3934219234333983,1.0,0.5572814300342869,3.5554013939922795
0.7876181831758404,0.8183200936267174,0.8962511752066917,1.0,0.9981895654782004,0.6958206440232604,-6.271102375325204
1.0,1.0,1.0,0.06354591308263657,1.0,0.37876540663359615,-5.467327773979355
-0.8807298569051198,-0.1230291772724168,0.24232532287304306,-0.8868025322775261,-1.0,-1.0,-0.10903289465094956
0.7437345227293275,-1.0,-0.9199479272113646,-1.0,-0.20180762614660508,-0.28511776018469387,0.009808763884931654
-0.27282552413684985,-0.14144833428157289,-0.602136302024979,-0.5519427225348844,0.8940123016755379,-0.22688635338569263,0.5088944738756827
-0.5114989441325112,-1.0,-0.9129965478417129,-0.35580923955196986,-0.5099921920691828,-0.7406048757154029,-0.20603792972835241
0.3856752440772358,-0.3389977944588426,0.42512015245752044,0.5977167918791402,-1.0,0.2287722720986554,1.567153810632974
-0.12814270189853894,-0.3860906715607626,-0.32868599517834873,-0.5223775404854877,0.23594491235525883,0.43344912212196723,0.4060327788029413
1.0,1.0,0.8763598279292315,1.0,0.2621025327753722,1.0,-5.063707674342152
-0.8902338011147876,0.31655261432845294,1.0,-0.23181619854293134,-0.8876656464022481,0.360919254779721,-3.6900766320561735
0.2274119193020388,0.0850105585830685,-0.4104132889788454,0.4824913109559108,-1.0,-1.0,1.9920117593589581
0.26168731981770155,-1.0,-1.0,0.2111214660602534,-1.0,-1.0,0.3236317824266195
0.5155266845553437,1.0,0.7754111506306514,1.0,0.9014999158242353,0.9096478143851142,-4.803631174086164
1.0,0.5972195551526811,0.7377754612770999,1.0,0.6237165300964502,0.9864829121183903,-3.8628588734300893
1.0,1.0,-0.03245622504011092,0.927408224943227,1.0,1.0,1.2220159291584478
-0.8643440999944105,-0.960450568210726,-0.35520822516291384,0.1806196332326772,1.0,1.0,4.646179942776851
-0.5161394726931503,-0.2712694042661322,-0.480835992300471,-1.0,1.0,-0.7010444765537768,3.175705620846977
-1.0,-0.9110437782404975,-0.18762408954366416,-0.06912875078105418,0.02466763417481188,-0.13420335617799806,-0.6022810155244124
-1.0,-0.17638604170033173,1.0,-0.2783414843049502,-1.0,-1.0,-1.8819984363835287
0.8545114568418765,0.3278619621726675,-0.091491291562529,0.8445717848100829,-0.6831884106963597,-0.39907704773371244,2.5034264747923256
-0.9657492686829054,0.38276063556408246,-1.0,0.019300937088448544,-0.3624518481183723,-0.8773928091346056,3.902811124182145
0.16987085523944734,-1.0,-0.7838376181746471,-0.13719389565310214,0.5699666152623278,1.0,1.206728181441951
-0.98703561907928,0.8591907475646355,-0.010905806789690109,-0.8786604758912238,-0.4242409512298581,0.5603945565913342,0.7470255835084499
-0.5803562368065867,-0.4537421502102359,0.13793683319603844,-0.12900801230657297,0.3070077313247912,0.4754191472641368,-0.4272122983342524
-0.2877407839397128,-0.883004252211838,-0.6982558455833401,-0.6083175789762101,-0.1329791737102003,-1.0,3.385855284920716
-0.1465163582418969,-0.7403342053113147,1.0,-0.44283071242221017,-1.0,-0.9260937661068911,2.1799763030724035
0.06300506609617162,1.0,0.20154178617524354,-0.6750040384896643,0.03218176062827993,-0.5913848058382467,-1.4615611217106508
-1.0,-0.01912915893732592,-0.5898039988888883,-1.0,-1.0,0.8269075968332851,1.4668263203636227
1.0,0.8528955048765055,0.9523620242439981,1.0,-0.05983767033874601,-1.0,2.1951688595252667
-1.0,-0.6648531695359754,-0.16203192147954093,-1.0,-0.5510525227017891,-1.0,2.84969078079589
-0.22747877885858764,0.6979196198368447,0.3271349457870287,-1.0,-0.15132055527710997,0.4643829365670409,1.5050218356273772
-0.24814518485065817,-1.0,-0.9509476182031298,-1.0,-0.2839221522570744,-1.0,3.3091284051232526
-0.42882148269818154,-0.5441349383066931,-0.4439620806509782,0.7109049123282591,0.44637740857639646,0.020215076210296945,-0.23305031800331588
1.0,-0.9026868357753333,1.0,0.9387190493984187,0.23722979927512566,0.07306431791094392,0.5780207666899426
1.0,0.925391285530297,1.0,1.0,-0.9797303429820773,1.0,2.269143798299069
-1.0,-0.5827130400345,0.7257338960773831,-0.8952764235828061,-1.0,-1.0,1.4322239953081506
-1.0,-0.9400647927680461,-0.10401070008763036,0.21818872238888432,1.0,0.3227553322947243,1.5020771461997167
-1.0,-0.49260224599244884,-1.0,-0.04579573003422066,-0.33875727780089393,-0.3468647497048593,-2.0969805618633632
1.0,1.0,1.0,0.2052993296959721,-1.0,0.29437830112039565,1.5947250201507202
-0.9906596488324118,-0.4148443377785661,-0.7894282380237774,-0.7508347131863844,-1.0,-0.7024382905386235,1.3625885472763093
0.5374307679598791,0.67559757882441,1.0,0.12428121822963267,-1.0,0.8992228026226974,-1.216157856444073
-0.16350098162136895,0.5176132090034322,0.3930881307666414,0.22938602473560057,0.44223510400587596,1.0,2.320785302219029
0.009171616497317903,1.0,1.0,0.3627849058100281,-0.679202498886396,-0.661555876524793,-1.6266548127826075
1.0,0.25391745539740074,-0.8385712656170579,0.5165563428131817,0.5403738851313917,0.4226477592421763,-0.9508850057264517
-0.02658006886643194,-1.0,0.43096885556650216,0.8051915851407578,1.0,0.483360319269752,0.29425382486716967
-0.005780388838975803,0.4828329392630574,-1.0,-1.0,-0.0811559354949366,-0.21772352138106643,-1.7079889325164286
1.0,1.0,0.08304664271869111,0.08007381506068456,0.07099775677650544,0.7262191892099044,0.47283744431848296
-0.0343154299957249,1.0,-0.40863167368068976,1.0,-1.0,-0.031233195027852267,2.4955550303591525
-0.5545666030231879,0.14676435940895705,0.45536758857186466,-0.6682045435814358,-0.07323451136271814,-0.685643477774937,0.6632877316034264
-0.0047735321795291386,-0.7632854051914632,-0.465250186460032,-0.48927774045803996,-0.305624609553409,0.302033883404098,-0.5818921514345671
-0.2667722104174287,0.07944481118332614,1.0,1.0,-0.6305395624621004,-0.4478189265330809,-1.366866300899567
-0.09583809906343621,-0.19233201871257188,-1.0,-1.0,1.0,1.0,6.150048507874768
0.09941861064421584,-0.21724553027125848,0.2901156539744124,-0.8245177557736754,0.6085256589085682,1.0,2.00620204354189
-0.5598382039372265,-0.3296757094913747,-1.0,-1.0,1.0,-0.03282263080964243,-0.470202306415747
0.05562703586090001,0.03728511914669996,-0.08810111254094721,-0.07131974414035858,0.2577576695337694,0.8206817891510212,1.1508743128530834
-0.7963466851266344,-0.15213471562874326,0.5582459252282267,-1.0,0.28255789029032635,0.6220767463716722,-1.4761530244696162
-0.4126877498944418,0.13973780775365327,-1.0,-0.11954386997565777,-0.4604700303284827,0.42893099547465285,-0.04424505564339154
-1.0,-0.7773701752229245,-0.0009240252377377134,1.0,-0.7875762462815019,-1.0,-0.4918442390743591
-0.6645234648493967,-1.0,0.4743036664469722,-1.0,-0.03415908467460793,-0.2827856478756514,1.2565633508772522
0.5032266231346618,0.6118692710498661,-0.7591183897379442,-0.08006230780335277,0.5780470948236798,1.0,5.297085238741905
0.2035188598709431,-0.5607490494455529,-1.0,-0.39909693199611307,0.20580790846478797,0.4813362408154763,0.82025116404783
0.8290133082498785,-0.05623717063042366,-0.4547569791618796,0.34665213531319117,-1.0,0.6321503919874099,4.002468305259335
0.4746855067654852,1.0,-1.0,0.017636257477160022,-0.7078677011046528,-1.0,3.9178639730150167
-1.0,-0.9255223432278192,1.0,-0.9038996426340098,-1.0,-0.9386156961252635,4.494437902273671
-0.4183417053182086,-0.6084849232230586,-0.6811720269784812,-0.9280395326550516,0.4100169025516929,0.436544808709427,-0.7986963944146963
-1.0,-1.0,-0.8153891122774066,-0.7490096522542349,1.0,1.0,1.0360650349970915
-1.0,-0.495661303597817,-1.0,-0.0007103004118440559,1.0,0.12353341322941813,-1.5847445702944971
0.665622375742472,-0.21237563902468237,0.14630440650064197,-0.8363122273582879,0.5000590466414432,0.313796555615232,-1.213003357602499
1.0,-0.8151441658770049,1.0,0.41290597852307365,-1.0,-0.5890105414344353,9.137019475659745
1.0,1.0,1.0,0.36494561162371775,-0.45739948508213557,-0.4249738568991902,0.8640589234157845
-0.30749018364734093,0.973783812680227,0.5388885851072558,1.0,-0.2820643448590876,-1.0,2.068291213711238
1.0,1.0,0.929746500002036,0.45439693409618154,-0.6707509040977194,-0.37681446911320854,2.7999959298442594
0.014055388933323698,-0.7594042192259478,1.0,-1.0,1.0,0.3231834818068551,-2.6371445977645323
-0.20446775153438357,-0.8108790834635444,-0.35784020820142237,-0.30993662255473065,1.0,0.6448050319306798,0.2513914746867158
0.2823120601912692,-0.058886600504189035,0.7185638176359357,1.0,-1.0,-1.0,3.3355605698258715
0.44396012920170247,0.13519947468461935,-0.0763660309868967,1.0,-0.6603537464363604,0.04825633743879265,0.2908942190884155
-0.6709731625236677,-0.6554287721567387,-0.5189710638454867,-1.0,-0.4668656355041081,-1.0,3.2783733032887152
-0.45793772954467404,0.031796874938548686,-0.3907132696887006,-0.3434434402468368,-1.0,-0.04137758691045246,-1.983415081291763
-0.16485044989500036,0.8886707711709163,1.0,0.9117909299501141,-0.8670260963484818,-0.5791149122165092,-0.5558874054584046
0.8356902991191051,-0.1983167773509799,-0.43923068677253413,0.11591271501076972,-1.0,0.2394112189332872,2.687208424012119
0.8228609380157896,0.4201241440299177,-0.06943931175065388,1.0,0.7788726796486313,1.0,1.5721764334953006
-0.7317507960142466,0.20295225487037016,-0.679151265191922,0.19571138348399197,0.19137545415682133,1.0,6.575731970542028
-0.37316302528510553,0.7096657505487102,0.23167771192066933,1.0,1.0,1.0,4.774582785704285
-1.0,-0.1551085417841822,-1.0,0.20350191122143868,0.2739002040007954,-0.6768576104629869,1.6807017836364329
0.1931394694252362,1.0,0.9515270112740747,0.8984742638840696,-0.3156952460520014,-1.0,1.1992071243482803
0.14349633487112617,-0.16187938706743865,0.15572661745192878,0.7368192102868436,0.15956942088897935,-1.0,2.212818635645747
1.0,1.0,1.0,0.37459938717478014,0.6294527174092157,0.7490003275319803,-6.301439757994853
0.652266634523025,0.7923852023974087,-1.0,0.11951031601487172,-0.0648789897340416,-0.03886579375366872,1.426429506594794
0.43112549497955294,1.0,0.9870917274421371,-0.5184267247680963,-1.0,-1.0,-1.8092953963225535
0.8870082071418912,0.029957683694964543,-0.06457024103196665,-0.26914306481615735,-1.0,-0.6106755918303584,3.812793429688436
-1.0,-0.9562986367993855,-1.0,-0.3954499710624102,1.0,-0.08038220171942834,-5.350980343717204
0.17414518143841806,0.5298842668158592,1.0,0.24331846009526614,0.5971720152331177,0.18290717311221089,-0.3736988989802117
1.0,-0.045945340621646735,-0.8301161050510601,-0.9569318562956453,-0.04926435094348111,0.18881083199255316,0.28470560861957805
1.0,1.0,-0.2884777301117635,-0.3556680627478745,0.3282212095643982,-1.0,2.4020249207182545
0.6715322519034415,0.2104974666655025,-0.895723713404154,1.0,0.17410504443510322,-1.0,0.39215543839100836
0.8460772933988787,1.0,0.18661707947910666,0.896069864766533,-0.6248468711812443,-0.1558209097318644,3.193410969242596
-0.2181487669467262,-0.4716577847009933,-0.7715559310757888,0.654670034939651,1.0,0.5755958040304174,2.260055146524828
-0.30043673434548146,-0.0031896100391757554,-0.36532917173973734,-0.25518707186990947,0.9009056915199606,0.5318535046425041,1.4784969998065531
-1.0,0.6322753060775712,-1.0,0.09253871578687978,-1.0,-0.8616929527242057,0.7587045910572456
-1.0,-1.0,-0.6759361030558069,0.490414545549366,-0.35526987453814246,-0.7616339860328734,-1.0187721366479103
-0.6005170157668536,-1.0,-0.22022430118940522,-0.3811055795129264,0.29788485129581666,0.15998432090423598,0.4468714302409559
1.0,0.06494446235115592,0.012702012955373432,1.0,0.1911335734038806,1.0,2.6696927194779736
0.26805144129688974,0.9622773849475269,0.2666891274493062,0.6897278403917543,-0.8351319143591891,0.9356604613422977,3.1689279305257605
0.5913865191271028,1.0,0.6078577929053965,0.7919829383460002,-1.0,-0.26596724048426945,2.6445200625953778
0.333509199261462,-0.4613176453928095,0.42434783007355037,-0.8063396859097774,-1.0,0.30006991363613367,2.5765517102780304
-0.7464536805036021,-0.7283241042082964,0.27071347663580625,-0.7545375715146034,0.28800334069557443,0.3720024297985569,-0.3747573390397307
0.12433543758244969,-0.5555044005678615,-0.9956746561939839,-0.5149466032527792,-1.0,-0.9301044251774164,2.1333315969486377
1.0,1.0,0.3053153046578878,0.5804327827878772,1.0,0.09217794941406587,-2.3991666954527497
-1.0,-0.19286151253012293,-1.0,-1.0,-1.0,0.005658085736865381,-2.4153330972574922
-0.14841422552832595,0.8760932000520006,0.37167353578702156,-0.5954162203928473,0.9025134167483488,1.0,5.563895364621844
-1.0,-0.023102355342399683,-0.07541604533670383,-1.0,-0.3773323491364714,1.0,0.17657305249077088
-1.0,-1.0,-0.7204886520543583,-0.7518610074926214,0.3638258197080525,0.07471782012407557,-3.459798861069864
-1.0,-1.0,-0.15914163760838518,-0.40901471844756476,0.340503220727986,0.09366229081357583,0.3056428484055115
-0.9459654121103405,-0.881613770815788,-0.6555629918779801,0.17522164332502738,-1.0,-1.0,-0.4896109241648041
-1.0,-0.020984862487358313,-0.9167585558814058,-0.7487360516329782,-1.0,-0.5707609348242834,-1.5799287816049645
-1.0,-1.0,-1.0,-1.0,-0.23579993622938566,-0.09490150480711806,-6.433716692521305
-1.0,-1.0,-0.4885250806600654,-1.0,0.0052142908076389105,1.0,-3.779487964091833
-0.5338071913052473,-0.23521588941378035,-1.0,-0.46935679818420994,1.0,0.003614656997054877,-1.3214276938141065
0.07387072756209212,0.07331165499070763,-1.0,-0.8686084808090643,-1.0,-1.0,-0.6594833077862975
0.6015418130663217,0.7694126154540906,0.6806812088211345,1.0,-0.40758430036973126,0.3020394469489007,-0.6851822575533091
0.10375700794567644,-0.11604792640764816,0.7658555734382083,1.0,1.0,0.07608228585388543,-0.9016355375993452
0.8177577724343004,-0.4862555686496567,-0.14435158913987275,1.0,-1.0,-1.0,8.644530806074588
-0.28713287095968365,-0.3990968879979666,-1.0,-0.11953525990922254,0.9405856814174414,1.0,6.139252123434351
-0.4842696030910011,-1.0,-1.0,-1.0,0.49349155823851265,0.3374086501795086,-5.669724532709864
0.7924838019129428,0.5553897198466515,1.0,0.1138830788755345,0.4299009011554942,0.6772119534291519,-3.2466779039509195
0.16052726530693578,-0.33583777061087244,0.5658281308724797,0.5378775330246095,0.5935644691571066,0.4504114455973868,-0.5654893086351602
0.4220883355165861,1.0,-0.4338453342445309,1.0,-1.0,-0.29231616820205,5.094626492533738
-0.008408014722515511,0.29366173394526407,-0.15465924342783588,-0.04183007162640495,0.29831223987070815,0.482620541326096,0.4860686473927513
-0.5019215317397532,0.11724681387248187,-0.06498852211927471,0.8983501076634597,1.0,0.5658978300159293,3.4594275945997746
-0.057965562802090864,0.4148867193397434,-0.5484404739385424,0.25349236475204034,-0.7669945610154272,-0.4543175812623538,-0.4210397788756223
0.1925014097559758,-0.26231365882526014,0.9373905078133529,-0.03946550545409888,-0.05340553977708562,-1.0,3.3176640713629015
-0.9271228391460677,0.09746499847411616,-0.7358026139153291,0.13989621222664742,0.7619791466230188,-0.3927426937224016,1.365501472192611
-0.40920175441062656,-0.7422700189476821,-0.8906645868730891,0.682055137426437,1.0,0.4004778307928919,-0.7736690055859908
-1.0,-0.4601185245343884,0.9911717565879579,1.0,1.0,0.8034191027936012,-1.794209194656704
-0.9100483798914856,0.047466366692360484,0.2283265472344842,0.960508221619185,0.7112182845180105,0.5554454894816525,0.7304574649071363
0.48967196281295644,0.9477386422390872,1.0,0.18258266272836687,0.07794659301662332,1.0,-2.167976519849513
-0.3861181857870999,0.11129367934064738,-0.6548465949766162,0.4428583866500305,-0.35096656085864675,0.4175658850321876,0.4022752439016638
0.7809842619345108,0.14670972773761082,-0.24499464641569255,0.2907489104375657,0.6616515036493629,1.0,1.5276674844533331
0.2671675365121828,0.7173466154693653,0.2924603775238003,-0.6014184540585616,1.0,0.9650663209555603,4.326255305292306
-0.21590157664180773,-0.8416796481400728,0.8045890186161693,1.0,0.7295067819582646,1.0,2.132337982324211
0.0505687484148275,-0.7445962496673966,-1.0,0.4140756762315323,-0.8147052618793358,-0.055324339818680346,-1.5477331853170824
1.0,1.0,0.0016008350831195894,1.0,0.9189258735071876,-0.07200694069352886,-1.901006685131855
1.0,-0.32028928708891896,1.0,-0.4187834951045742,0.3756204600759656,-1.0,1.4216790622559032
1.0,1.0,0.968962054267581,-0.4594373151551265,-0.25515641169487435,-0.34848846361801367,-1.3056350322255268
1.0,0.01760860694908234,-0.30643705862574816,0.2734232916053688,0.7180287867210058,1.0,0.6899976268733011
0.4534715146180459,1.0,1.0,1.0,-0.7539525171288183,0.2159336973011483,-0.6312319220589278
-0.7025969913000031,-1.0,1.0,-0.7160700436150044,-1.0,-1.0,5.80369509517359
1.0,0.6810256270737194,1.0,1.0,0.8008363831658634,1.0,-6.9868178015389635
0.1685643473991234,1.0,0.20311911923289494,0.3743326495518212,0.8865132076087303,0.3017870147077115,-0.8017100096710184
1.0,0.7753170505549118,0.0806071747946164,0.8608845018237817,1.0,0.629609533668299,-1.232184031321503
0.31840002742407525,0.25447694680158883,0.3017110396561278,-0.8909076745441831,-1.0,0.039913179286746314,2.6823214643024134
1.0,0.3123940162197356,0.38048739419230837,1.0,0.1414446619737051,-0.13397732563080922,-0.5069992354472838
-0.9445170402034779,-0.14749804593140597,-1.0,-0.3424229243632222,0.48753412639107546,-1.0,6.366699746368521
0.7176022249220241,0.7290397645050066,0.17764107703335696,0.6243951793967063,-0.3651259978451895,-1.0,4.9974561142481395
1.0,0.13890706143344134,0.5008781877867938,1.0,-1.0,0.1534631618911826,4.103027626182402
0.865674735555487,0.9118440446612741,0.2792556014334191,0.24297438847462227,0.6953028200352884,0.8598634135143246,0.16818386156567514
-1.0,-1.0,-0.755031790268897,-0.7931639200498648,-0.6453155343247239,-0.5156591982674231,-0.7709936803714694
0.09451005909281324,0.36590979400432966,0.37119420016437243,-1.0,-1.0,-1.0,2.7435203411023026
-0.27604965130032677,0.9996608299329957,0.6014262932878693,0.4959696895916331,-0.3374954037430713,0.2957229572284511,-2.042581995598192
1.0,0.41002960050054305,0.22134426698852205,0.12884343544975532,-0.7179023794018868,0.5859762306458774,2.113308107519865
-1.0,-0.9928312379017066,-1.0,-0.03688438248592368,-0.2531662567884141,1.0,2.3018070164164746
-0.4197515431461567,1.0,-0.21532974478105013,-0.4420748764735959,-0.24104739112862517,-0.9748902890447295,1.19733923234863
-0.28429563698077875,-1.0,-0.7347943851859563,0.5614802106666585,1.0,1.0,4.506710639702119
1.0,0.717342996250157,-0.8239771234700701,0.5834547496783464,1.0,0.48852315262637563,-1.8526835076476138
-0.6017839214600753,-0.2682761207416522,-0.6759484185773796,-0.7390489191125112,-0.9873434717287081,-0.7692533948330754,-0.10399481754239501
-0.7336674094413322,0.2690990714251685,-0.39581760037153324,0.5909454851092641,-1.0,-1.0,0.5707403029494518
-0.0194914991100939,-0.37990555640581575,-0.04469222016796992,-0.24662743347639743,0.7718641823065611,1.0,3.313201924770537
-0.030605578591464067,-0.5469666050869852,-0.7899418866123378,-0.9841236561088398,0.2075137122593836,-1.0,3.304339645358937
0.3710634014030663,0.8072607359629695,0.14060693086837567,-0.5402706755517709,0.07366880562443817,0.3354989147139819,0.9266385044765133
-0.629099049386265,-0.7806446136633024,0.9282014038655568,-0.42506162424659766,-0.7088850812427425,-0.4206731104597127,1.0003812615486003
-0.4439210983081848,0.1259612728446701,-0.35196320875907927,-0.5560640053828854,-1.0,-1.0,-0.6850260348929674
1.0,-1.0,0.6281365278267365,0.007920722731310115,-0.0014868265545210368,-0.21758767210867896,1.6660282138929037
0.6599358968123207,-0.47023581528287867,-1.0,-0.19837581421107955,-1.0,-0.5267138163145603,3.212197012709887
-0.10871281926488674,-0.4259837960880243,-0.8831830300149488,-0.9698356952886831,1.0,1.0,4.247728282764949
0.2842446657266375,-1.0,-0.5393502945412594,0.13688080457977003,-1.0,-1.0,2.5013495686934775
-0.15401381543492781,1.0,0.01639921440682692,-0.1541998355626758,0.10227220986071017,-0.42219711608193666,-1.3379615409519237
1.0,1.0,0.2644617646880004,1.0,0.20246295298717057,-0.1280826743810094,-0.35645793654408375
0.5777136304423997,-1.0,0.303318855086426,-0.9608378502841279,-1.0,-0.06621635040137179,9.034800165829223
-0.36221017258166555,-0.47639108336239366,0.3196217879444887,0.5125843731633446,0.8876859951329747,1.0,4.022335945573659
0.6551294818814795,-0.10955787263758415,0.25908661313294024,0.25101174955748107,0.3761553811865326,0.19775743042569094,-0.4188544748315804
0.7819031678227026,0.8681682575621155,1.0,1.0,0.16694187028523427,-0.2686656421097775,-1.7469127149833115
-0.4019737595361913,0.8479286773773693,1.0,-1.0,0.056380823250106404,0.802658588785649,-2.149150965497865
-0.7687146683472195,-1.0,-0.2171742741370084,-1.0,0.062399720666348135,1.0,-2.5031477318808824
0.1658310633607492,-0.747350993823885,-1.0,0.16529116321137774,-0.4402233470456715,-0.7277971329528068,0.08961564120031273
-0.15552470289211762,-1.0,-0.6539253809535206,-1.0,-0.06544014295611228,0.5236767991915936,-1.9944245471696318
0.5714996498210771,0.6431209218631863,-0.4507585712318703,0.07862728697849625,0.4472391121465942,0.36270942879456247,0.8837478081234794
0.9152233442157942,1.0,0.3101264671390015,1.0,-1.0,-0.10247546799422969,4.853768180206616
-0.9006513099518265,-0.2803425689544593,-0.375644927054164,0.2802279989908709,-0.38281309293537447,-0.20880127416525457,-0.5644914182543534
-1.0,-0.5028799159646866,-0.15221556049570473,-0.9112615708369118,-0.2661957665809505,-0.7648312567367468,2.6691751606775247
0.47867632216435485,0.8600207356563859,-1.0,0.2744618070490389,1.0,0.4473098578322503,0.7808575574725888
-1.0,-1.0,-0.7819575177980482,-0.5987035342340286,0.6193304550116274,-0.45103095895880635,-2.63972590222575
-1.0,0.26103468466031016,1.0,0.9859790577785985,-1.0,-0.18075419704652546,-2.7533537703237867
-0.7247887725825081,-0.34841048447978484,-0.22267168609138027,-0.6484559312182699,0.7542164666884037,1.0,4.031299424809422
1.0,-0.29426420815731624,-0.5233978472426533,0.7422707068237758,0.756397930511088,0.06797207354963403,-0.8492351212494766
-0.30110849839644827,-0.29638200266516757,-0.38155293109294375,-1.0,1.0,-0.07268745306885072,3.03763359444976
1.0,0.05764926249314653,0.671458001329229,0.9631328035620691,0.43071879906998645,0.375875304159759,-2.0813592993518046
0.7682238119239998,0.402804037873397,-0.014762354286959878,1.0,0.08791671416367536,0.24818263010032882,-0.895489284325868
0.27223831184611436,-0.8240884935029555,-0.9376460658249028,0.11700198136112983,-0.6593636710763855,-0.49390088418293426,0.5219331718589871
0.530735393434852,0.7426958108682329,0.3251077913873537,-0.29850924634960063,-0.7673493797803946,-1.0,3.533651132423852
-0.025880949074419735,0.06572656134206653,-0.5357908441394554,-0.3229202667980243,0.06536779153651949,0.6309503273945549,2.435849715499847
1.0,1.0,1.0,1.0,1.0,-0.29156870578795235,-7.3809572219022765
0.47990083545188,-0.05718460748243137,-0.07307080630585067,-0.6206706591484406,-0.943836062497485,0.8941435433595847,5.596766424171848
1.0,1.0,1.0,0.4836763966330455,-0.6367226762350466,-0.7366562132310577,3.1524680270932217
0.7628096465811199,-0.22385051952868287,0.5106716271446946,0.7555489063909977,-0.5669668921364326,1.0,3.340955793451014
0.7050598035593836,-0.2657229765587841,-0.7625769762989415,-0.5080138642135402,0.19555585194143704,1.0,2.7605297529447324
0.7986925238676692,-0.264807834931744,0.3901059871142192,1.0,1.0,1.0,1.116468798426869
-1.0,-0.9107925922082474,-0.6587798883046756,-0.6616814055396325,0.9570117924360694,-0.5186339736035832,0.6509491743395739
-0.18657522258810255,-0.3600596210025136,0.5022485004874777,-0.8339727334549811,-1.0,0.9311033699576678,2.2444528183335506
-1.0,-1.0,0.10265740172939364,-1.0,-1.0,-0.8215974139339167,6.069291885986523
0.2715577391319594,-1.0,0.41818557490599495,0.5703181537428357,0.861164348736813,0.8948434792569633,2.1848454219291362
0.8328958034297227,0.0763815930104231,1.0,-0.41470780600088575,-0.47050336957094435,1.0,0.04810290207368195
0.4310111307588731,0.6400083087107785,0.2898708489844105,0.7432720776561306,-0.5380287089864013,0.8312332084690508,1.8013563125788445
1.0,-1.0,-1.0,-0.7569088252457388,0.3523728737356686,0.6682202447563013,-4.820326640493282
0.6399657090612083,-1.0,0.2831544812303695,-0.35348133213608585,0.3193545574714853,1.0,0.6941004010548422
-0.2871980713410487,0.055952373795004395,0.5358611196775391,0.8079692854816594,-0.25094390738453265,-1.0,1.4668561241858233
0.9593286752893728,0.3577916677260194,1.0,0.004892408323853598,-0.33279927870565573,1.0,0.19368567530848407
-1.0,-1.0,-0.747729376765633,-1.0,0.34109156599388635,-0.7218215471527908,-0.14783225600843286
-0.46820246815518185,0.5547335410516498,0.47764361695287383,-0.9118521440692416,0.617668812490888,0.6297836022551676,2.147915736819695
-0.41759558835610305,1.0,-0.36566623347582194,-0.3494491392643324,0.04801101777227801,-1.0,1.6980041064601301
0.6929206476771201,-0.5303629108883672,0.3006602905854405,-0.6290273495176099,-1.0,-0.7039105441093801,5.4630515727470375
-0.12491588162918194,0.4826163401582803,-0.31026372283158404,0.5783147709909756,-0.1906433558822848,0.16592712343381893,0.08660577936528037
-0.6529381501159495,-1.0,-0.7665666578214925,-0.37720246892454434,-0.4299054365520437,-0.04345671139418064,-3.5226422549179124
0.6860980889323617,-0.2578860544262635,-0.4152109886615289,0.2053115654718003,1.0,0.8340538245964768,-0.8325605420380402
1.0,0.4754423227794202,1.0,0.7732650334552127,1.0,0.8291065674491592,-7.61492754607184
-1.0,-1.0,0.8683046930101764,-0.6182446271648439,-0.7496385078080932,-0.24121165148724283,2.968655201717035
-0.7811599236677447,0.18528996936137382,-0.2712114736540605,-0.38759243161993995,-1.0,-1.0,-1.9719777125447204
-0.012217914333483425,-0.27521010601513723,1.0,1.0,-1.0,0.2953392876069958,-1.8493112240463818
-0.019395254786654048,-1.0,0.13099154353707154,-0.7709345357584065,-1.0,-0.10787470293269291,4.509310912565712
-1.0,-0.4467341605651008,-0.47289261998814264,-0.296244862494123,-0.6245097315398604,-0.020895680302721483,-2.399769137610745
1.0,-0.32693749926928656,1.0,1.0,1.0,0.17524227569269651,-5.37094419551933
0.4225738901409617,-0.02896884101823921,-0.4272625019707515,-0.30594868449097623,0.1136673190599986,-0.3277061326719941,0.8034559441978014
0.013080991495068028,-1.0,-0.8871034126171,-0.4807135227082991,-0.39763604156278753,-0.9547158142809686,1.7007447401792952
-0.13259675747819522,-0.5769864673920173,-1.0,-0.4537136094014489,1.0,-0.03910630347742239,-1.673268268380972
0.20613157114932712,0.22078667779385763,0.5334075221296959,1.0,0.15089199586816138,1.0,1.6753776135517995
-0.7603555583717506,-0.26706909702042725,0.005539452675494605,-0.22343883361726968,1.0,0.3156496675337721,2.226143238526673
-0.5185437521521443,-0.5871264814974502,-1.0,-0.39285364193492556,0.25624918503398186,1.0,6.280783703266495
1.0,0.668128899971499,-0.09365138104879012,1.0,-1.0,-0.8991980852018433,9.648207075927353
1.0,0.7550269834323244,1.0,0.5849203740184945,-0.3261171620798027,-0.558465440274029,2.785094012077743
-0.7521636634917808,-0.09271286816168356,-1.0,-1.0,0.6942016345092947,0.40269569653183224,0.6512488407830278
-0.38214056204789437,-0.8089991658991,-1.0,-0.11283342922010942,0.999384451403384,0.22062702596437278,-2.0942786645630376
-0.07721995277382174,0.7859938089684458,1.0,0.2597622588256612,-0.3426231624764945,-1.0,1.5999700983107403
0.5879629501014987,0.26571502985140394,1.0,1.0,0.5533199305926554,0.6561115816500444,-4.50433205363802
0.08006849830325424,-0.2241205745750945,-0.9908134574473451,0.006673631752796144,-0.31542553966898285,0.04413931725435605,-0.7037840503983948
1.0,0.04911436234724775,-0.25459152958794773,-0.38344049958984383,1.0,0.7288207694599693,-0.9310470341741283
0.964212366358461,0.46518773411429626,0.16225382922597958,0.39182695235623816,0.6600112967111329,1.0,1.180665137313856
0.5503116826520233,0.2688930676101524,-0.6443534036151264,0.08529927894626138,0.4354148430378981,-0.5366514277660352,-0.11400118969353035
-0.3237453505472565,-0.3749423519839179,-0.5004776370690491,-0.17101625333341874,1.0,0.5439524483573683,1.6068284731393578
0.9203826831153408,1.0,0.12026397867800198,0.7915531505587525,-0.6232127008233631,0.49454515042546526,2.960719423157034
0.8038560077868657,0.17562330063771836,1.0,1.0,-0.2732115871466396,-0.26810455006908024,0.34658896354640617
1.0,0.8444879177157123,1.0,0.8304995916261044,-0.12138473474119395,0.30010435114352785,-1.4007003282524915
1.0,0.23740610586233246,-0.21070682183548173,0.49969247357481805,-0.018831691067519418,1.0,2.7567206792276115
1.0,0.7572153552754639,0.8257727473624367,0.2019511918936755,1.0,1.0,-4.269424142802564
0.7377494934904733,-1.0,1.0,1.0,0.16492800612085934,1.0,-0.053487453337958346
-1.0,0.750057151207466,0.20520812185232218,0.2139112474957821,1.0,1.0,5.970135564309985
0.6848062287707932,0.43857727293976334,1.0,0.4713834570806751,-0.6403735182353731,0.34788409507468865,1.3739603306188493
0.8664401709130152,1.0,0.7165033394664686,0.5362376745992463,-0.7679698384647938,-1.0,4.915243469761588
-1.0,-1.0,-0.6012935767283387,-0.34946273017568075,-0.6537290780627725,0.2717359378392479,-3.2295416404550403
-0.2877363900707388,0.031054802419301253,-0.388945036692921,-1.0,-0.41967742074596337,1.0,3.8438788437311406
-0.8137135160111202,-0.11051378543401011,0.48658907066563784,0.6067578671861289,1.0,0.6288368571922255,2.3305591378778185
-0.3040864414312432,-1.0,0.5258412330399711,-0.8034691547765882,-0.30195987379162814,0.6564066146785255,-0.4858491963613446
0.6011895807899374,1.0,1.0,0.323186627250561,-0.25498735824030233,1.0,-3.2342376479435924
1.0,0.08614411101660058,1.0,0.7742336390650821,0.14505260446436086,0.017713853993976902,-0.5357990328511917
0.5582117448273638,0.9221547853413441,1.0,1.0,-1.0,-0.5204221876143067,2.7697618458003714
0.23619341637686836,-0.7328089217885148,-0.3485002421726605,-0.4367797995412801,-0.5376853564741824,-0.365598047550232,1.6249096247344696
-0.5685066202949749,-1.0,-0.5767218502979723,-1.0,-0.2673561587199237,-1.0,4.429335694937025
-0.9118880830153362,-1.0,-0.7228692078869114,0.32246733789457704,-0.046463893440272575,-0.1850894737840949,-3.1769026218079457
1.0,0.20114271060564048,0.48240282677044677,1.0,-0.9017647583626929,-1.0,8.994782822018575
-0.7545094741505514,-1.0,-0.3688395396449427,-1.0,-0.5971429640430151,-1.0,4.620092611020375
-0.19240019557929422,-0.4809678859972175,-0.7096564982078148,-0.5022396495661768,0.44049315985844917,-0.7328473012106884,1.3927535981223385
-1.0,-1.0,-1.0,-1.0,0.30776971418121846,-1.0,2.0544571826540636
-0.2711935202004049,-0.6936823601333584,-0.2623895679512511,0.5530008989742099,0.5987010582928366,-1.0,1.439307887870937
0.02904011384278571,-0.8058285773552211,-1.0,0.39398876684283524,-0.19584738717013533,0.06568424188995553,-0.4937537506107317
1.0,1.0,1.0,1.0,0.8372436676826396,0.3547773928775601,-8.603679584607049
-0.7338968563352966,-1.0,0.051320953622096765,-1.0,-1.0,-0.9402600363296321,6.309110270330373
0.15199579895936843,-0.5486119955455917,0.5971057287344265,-1.0,-1.0,0.8216763752855465,3.003245316754326
-1.0,-1.0,1.0,0.3395759006004364,0.9360773817391682,1.0,1.3938707211752108
-0.13270043303145307,0.6873406643954694,-1.0,-0.6868998303978326,-1.0,-1.0,0.5220261886278569
-0.42054656627348774,-0.1276570980318501,-1.0,-1.0,0.14115553310028917,0.5059656839486201,0.11353560132982043
0.46153502341296204,1.0,0.10601267711688278,-0.8821962834926405,0.10127909591970619,-1.0,1.1122863112294483
-0.9464143844237152,0.5197355565753475,0.5276848687342057,1.0,1.0,1.0,3.053877073278279
-1.0,-1.0,-0.633094820800272,0.10997874648155248,0.9566850866241716,0.8849608039208917,2.760139807825448
1.0,0.8654694034314958,0.5164009878788767,0.1346453324298016,0.10712846723723124,-0.5216287872475185,-0.3831570300465997
-0.004168813174946773,-0.05706954304956757,0.5335452916784473,0.2866117437572534,-0.17208822849362648,-0.894051984826892,2.2395917082912042
0.2195467514746371,-0.4653921544162578,-0.2952678901838628,-1.0,-1.0,-1.0,6.186554607384279
-1.0,-0.11873855102199053,-0.4759459844607693,1.0,-0.4261302959868061,-0.02749109282076856,-1.746397763910338
-1.0,-0.5875975176509176,-0.5689337375724535,-1.0,-0.3871072874826599,-0.2557758725618002,-0.5648469427119636
0.08514037862639934,-0.32847548860657194,-0.49156830293584186,0.04157885646821832,-0.014639719257705908,-0.19785849975407577,-0.7655586788530294
-0.44365776111513333,-0.8450351664711284,0.03551799374004,-0.13498382284651742,-1.0,-1.0,2.2772297999221034
1.0,-0.2668344192176525,-0.9109980486805402,-0.1354031209349723,1.0,1.0,-1.1226900545752505
-0.9641879724792835,-1.0,-1.0,-0.8709063796813586,-0.318425982123431,-1.0,3.2969638773298335
0.6843928664551971,0.14860116696454062,1.0,0.2837822395024136,-0.1868911090279215,-1.0,3.2506789730669996
0.5973406158311617,0.6479823176515007,1.0,1.0,-1.0,-0.3886106049946334,0.9166003459371177
0.2974655382053948,0.3322802301697699,1.0,0.894497383260092,-0.23601832755700886,-0.5159373697977215,-0.3334030761014805
-0.6043411111821468,-0.395030045482658,-0.8575483591147062,-0.447239308804279,0.4646221267470658,0.1572340297332837,-0.3926764279958873
0.5766006510856447,-0.42857806668972825,-1.0,0.15615733784259744,-1.0,0.9413790616574801,7.331177733896675
-0.10428235278940834,-1.0,-0.5085740247904567,-0.7413150069910426,1.0,0.7300845720083249,-1.1476901511734139
0.19314849295412406,1.0,0.3954828966764581,1.0,-1.0,0.716095976279885,2.536761881426072
-0.2802484668674353,0.9347574132736358,0.4189535587896696,-0.4274600408768522,0.7563669702245377,-0.13064163668596127,-1.1670357643610942
1.0,-0.07928770457940165,0.4960735951428563,0.5418578396524026,-0.5497389698146575,0.15797599070998897,1.5922365272551633
-1.0,-1.0,-1.0,-0.520484401861796,0.09217686542236653,0.8331759618992376,-1.0424130917613854
0.8957526756179741,0.6618952211430262,1.0,1.0,-1.0,-1.0,8.063803921490091
0.6140153795943437,1.0,0.8529455220045584,-0.03547763339562006,0.11265304788584014,-0.4998219406629797,-1.7364702994503025
1.0,1.0,0.7448998684056184,0.7782644667978921,-1.0,-0.16347592621594687,3.794828750877095
-1.0,-0.7603457567434915,-1.0,-1.0,-0.4297829339838134,-0.7271084645942653,0.09177315026507046
0.2880997865256538,1.0,0.7503115395167492,0.13587838600077373,-0.7234438912139685,1.0,0.9193641490127465
0.7983166996989841,0.6643178268615944,0.6390777639679336,0.7437524092262201,0.18592805553624003,0.08377987621335659,-0.9766201092033722
0.05272292461069106,0.410739743523269,1.0,0.4854296227257957,-1.0,0.14289461208414023,-1.4381697637826867
-1.0,-0.7592988982997937,-1.0,-0.3614216600215385,-1.0,0.07772878437033831,-4.842656146212541
0.8847973442702771,1.0,-0.6753894244961324,0.36851975628859945,0.1864141755762554,-0.8025467569056555,1.6000825876164537
-1.0,-1.0,-0.7003303660614641,-0.0976226724603213,-0.3812527262443377,-0.9015802143775506,0.3992980123163409
-1.0,-0.5992771652421146,0.5694560358773914,-0.47130305630435687,0.7476273093847601,1.0,1.8040974234501177
0.9234842128877758,0.9017241120546087,1.0,0.9766451532175973,-0.2584017797750059,-1.0,4.1065302385580305
-0.9302905996032085,-0.6183435454755314,-0.5654830427713469,-1.0,1.0,1.0,4.010157067307914
-1.0,-0.662371929611573,0.10619813572209952,0.025800438754229826,-1.0,0.16428925875117784,-2.1637310490647277
-0.8227337639648595,-1.0,-0.11424623552363031,-1.0,1.0,-0.09489202741313596,1.9300573006925565
1.0,1.0,1.0,1.0,-0.412031174260831,0.696087873580764,-2.186420885575713
0.6564984811903325,0.8323407299746258,-0.18046821089462128,0.710113149209016,-1.0,-1.0,6.467433232573064
1.0,0.12272973688136546,0.1246117307006186,1.0,-0.19824150052438938,-0.8424484930565909,4.594980211829627
-1.0,0.576273692283894,0.4819066850903134,-1.0,0.12225258944947548,0.13650431166513566,-0.5945941499900631
-0.15894995850798477,-0.810597684417731,0.27598301307484063,0.5977817753278885,0.6793169193288403,0.17640979263958118,0.6414743942831468
1.0,0.3700746516365293,1.0,0.9205948346228845,-0.41946618140085423,-0.4574764516405654,2.804582522272517
-0.1850957827495917,0.27139805000082273,-0.5104835760863584,0.35305483636430024,-0.8190295873823008,-0.251121675315622,-0.4343340391558728
0.10974636611097802,0.22855852984517758,-0.03322004000483153,0.272288519044912,-1.0,-0.5289389514608724,0.24782269011069485
-1.0,-0.169628623823035,-1.0,-0.5131645143323642,0.6017229594830084,-0.25941788494033036,-2.326685156738034
0.24756289591979028,0.10864148670692342,1.0,1.0,0.8282354342157003,0.19244174043389295,-2.435530251498638
-1.0,0.25166730937580784,-1.0,-0.5625885876942952,-0.5466607847032591,-0.4362651672070922,-1.1117291384828463
0.31837221881394473,-1.0,-0.17365845751841258,-0.33191565756353697,-1.0,-0.5295434827411429,3.2415427861013777
0.016186593938039007,-1.0,-0.47925824230929603,-0.22219099323566405,-0.8816971301539768,0.37128924092846205,0.2990988673916139
1.0,0.46577457375739373,-0.649844095020617,-0.7164196376687189,0.6811400628267308,-0.39685281390426175,-2.5102643527054496
1.0,-0.5687214042766955,-0.1838312260778803,0.2770706009732722,0.137560926838182,-0.1751728315733807,-0.8382727274792293
1.0,0.6015493022307024,1.0,1.0,0.12865999354566393,1.0,-2.9649392146158187
0.743051387782773,-0.28701247345697517,-0.46304587335961545,-0.7310923470392929,-0.1243151847243571,0.03031694315217459,0.8362286125541725
0.5915168658238,1.0,-0.10347055283938006,-0.8144658097180602,0.40933827866175654,1.0,5.823159174961565
1.0,1.0,0.5384591408112887,1.0,-1.0,-1.0,10.946343712566641
0.34107278713649175,0.9803261441918916,0.7717425677130042,0.5198337928515029,-0.20738567955422818,0.6779357068853132,-2.1500694369833377
1.0,0.45096661414567246,0.024116924911911752,0.686485339986199,-0.4575859612035422,0.40022304418507193,1.5561727866593613
1.0,0.2449448313424757,1.0,0.8446432599781164,1.0,1.0,-6.190862694838909
0.8979182877292123,0.3579245281943386,0.05543254269876924,0.011881923352730583,0.036823315009702595,0.29262166665000655,1.0058267758688577
0.600543102946137,0.37117899796289766,0.8751620364121251,1.0,0.31780214761290004,0.0511723837250897,-2.24024250364878
-0.8592839716094198,-1.0,-0.9300677187984381,-0.7119266487491409,0.33756070055030196,1.0,-0.3038653588781097
1.0,0.7568226323339122,-0.7093034111370609,-0.5699454906115616,-1.0,-1.0,5.651348450060555
-1.0,-0.3040280589038531,-1.0,-0.4506245004813192,-0.6352210002257379,-0.8033008563087842,2.125201730712183
1.0,0.646670579227488,1.0,1.0,0.44612026241395486,0.9968167745760061,-5.904138046117164
1.0,0.04857332610813836,1.0,0.1604725246432086,1.0,1.0,-5.608274150522116
1.0,1.0,0.7347450301944606,0.5000201460780752,0.6681528024014869,0.5332098944036596,-4.659854819418925
-0.3912174479137511,-0.6254682273700287,-0.7864038655624584,0.2760470600693897,0.3051642335420812,-0.33193744649438445,-0.2616005316931028
0.7471418957771249,0.7127656958261643,1.0,0.884798757285939,-1.0,-0.3892444023498558,3.575626746561775
0.42532015672739676,0.7648841447109622,-1.0,1.0,-0.7950691438510633,-1.0,5.392234375351147
-1.0,-1.0,-0.8155349360861852,-0.6954230022192973,-0.5358235156871374,-0.8207369546899945,1.2064843334689295
1.0,0.894030502975175,1.0,0.9017437120698952,1.0,1.0,-8.748634852931199
0.8051829296821196,1.0,0.6762220814570108,0.7667599700329741,-0.28529393460309294,-0.4687568487719779,1.5917530809419866
-0.03709653053046712,0.6928094993544687,0.3378251388438951,0.35316106520433266,0.039171676173016604,-0.6797520562475435,2.0728038524883465
0.40560442863116736,0.2319902877680875,0.09878832673498589,-0.3745424480503646,0.18574033845210391,-0.4633976861616764,-0.8535098200234028
-0.036460379871358584,-0.6766684082013983,-1.0,-1.0,0.5496450123160231,1.0,1.7185102073028669
-0.3799295406270127,-0.10876548413715437,-1.0,-1.0,-0.35812953524357716,-1.0,2.0599548061062674
-0.8750318551078535,0.0783113193552073,-0.9355634657042269,0.7832349465821824,-0.40279403660880164,-1.0,4.973128878852654
-1.0,-1.0,-1.0,-0.6320735641850237,1.0,1.0,0.359006497477388
0.13578013243570064,1.0,1.0,0.5700644360373237,-1.0,0.4946764403416073,-2.936202294439373
-1.0,-0.047884014302668754,0.2629258631027376,0.9212233543403959,0.33285685541320165,-0.400317099798301,1.5783828024322704
-0.5148799341365795,-0.07425543161840215,-1.0,0.06600530121215298,1.0,0.22489429691940077,0.7084676433580923
0.401628654060501,-0.5561685538279906,-0.5698283641668695,1.0,-0.6340083692262641,-0.6921763402942624,1.200459449850052
-0.5210102091309549,0.10783823374987306,0.3310128701424478,-0.6775074780999937,-1.0,-0.1269965204952579,-0.48624678107581787
-1.0,-0.8456854436534303,-1.0,-0.8017647662447758,-0.21188770144010682,-0.8634861705341956,1.6709299003882103
-1.0,-0.443546179156093,0.2743177025829421,-0.6609023302665823,-0.24272540469129839,-1.0,3.732070748311297
-0.47800476114007573,0.22339571151607662,-1.0,0.6892405833277228,0.6260206665477754,-0.19803939534994133,-1.0400197289296118
1.0,0.6175050195601653,0.826405479278252,-0.09323737623316986,0.7309556470646406,1.0,-3.04394051135428
1.0,0.027184990065175274,0.5115188598882885,0.9248961204878514,-0.7072888412636658,0.6606283047865601,2.458121285628631
-1.0,-1.0,0.20988481289951022,-0.6670469510967174,-0.8283635205561439,1.0,-2.714286640101268
-1.0,-0.6575051258011366,0.31709954189320505,-0.4263348009813206,-1.0,-0.8680716927807572,-0.247682768493094
0.5279913659635406,0.7068209438070026,1.0,0.662105830363349,-1.0,-0.3306005523890079,1.1810591662584042
-0.1638782513329319,-0.7435253092741045,-0.7928164209257595,-0.8598852074512753,0.004136640945368003,-0.958399198081588,2.72481270955975
0.6246620401753051,0.189290082629263,0.9356710887316673,0.22112803975894446,-1.0,-1.0,4.233400639745279
0.06145293741167135,-0.4402271771020615,-0.4475601787916207,-0.783964318528996,-1.0,-0.8741355663537158,3.5188696151931516
-0.4750153471341251,-0.46600438183718884,0.5771766525506825,-0.15965326145492414,-0.1393852291824964,0.7460617434828107,-0.9251136723078989
1.0,-0.9453050491872392,-0.7239631900152961,-0.09813994181876007,0.020691383232043892,0.8309201403485827,-0.8089324673716206
0.15371030707491407,0.9725231305459165,0.16026068587143216,0.4510859782339258,-1.0,-1.0,2.938399903955549
0.08812817468768058,-0.2572996194618905,-0.1025694780693811,-0.5053077507469883,0.5938200844005489,0.20826049504642385,-0.2843186955756104
-1.0,-1.0,-1.0,-1.0,-0.8616788673608157,-1.0,3.6711239224570544
0.29773155484001435,-0.2424945806363872,0.9592758718723305,1.0,0.3773887193400131,-0.08162150786600375,-1.1350842599023427
0.22359491784120245,0.20313946589902,1.0,1.0,0.15924009430583097,0.3924923935160559,-2.903624303832101
-0.17339275934154974,-0.2173785876112273,-0.18853965291904684,-0.5741526305934515,0.9575229823185064,0.5296952214391313,1.9389045673417262
-0.65384288284171,-1.0,-1.0,0.2255876144107909,-0.7709083840259374,-1.0,0.38265263482216383
0.15483235378578825,-0.01889262382207501,0.1609861910113424,-0.293414533672694,0.6579529543440379,0.31415206975287713,0.017206566898040815
-0.7711726314984317,-1.0,-1.0,-0.2877456056481422,-0.8177595525117833,-1.0,2.388034478389066
-0.24399924480317497,-0.497437997928045,-0.691925451699422,-0.09065002006281841,-0.8895889342291234,1.0,4.700706788155567
-1.0,-0.6624571958724881,0.45001882675679195,-1.0,0.9259921896899059,1.0,2.205508924792844
0.5811944643204433,0.6691086766946172,-0.946481920118767,-1.0,-0.6298862442744257,1.0,8.878574627684758
0.32373473052725266,-0.9770828999081056,-0.9705008658027416,-1.0,1.0,0.3020242409267117,-4.574808485787237
0.30406091578176175,0.2011966015266624,0.23068516249215998,0.22743287941397639,0.046316986961084106,0.6246971698147954,0.6742358576247212
-0.8056241805001791,-1.0,-1.0,-0.5358961079235276,-0.0669710342679386,-0.7879212545307828,-0.568556503139016
-0.7065034457428928,0.8225669788395683,0.8085187536096724,0.713079334807186,-0.5824418880279327,-1.0,1.1728189788205479
-0.20942699448961166,-0.38424843718986706,0.13762193761215835,-1.0,-0.879072381103917,-0.6568891159962129,2.868859571047342
0.9182962815608418,-0.6795115012447592,0.9221991580650206,-1.0,-0.7747590417518404,1.0,4.953668316832792
0.11038176988626162,0.5658184497824597,-0.30950997722139234,0.14700053675161717,1.0,1.0,5.656451337880109
0.6710204247893687,0.17102934586761387,0.9447504966013136,-0.3384798914589362,-0.2760806010499903,-1.0,3.7098118992061364
-1.0,-1.0,-0.2097992207919548,-0.3421594400711325,0.6037676095833467,-1.0,6.433310812586676
0.24046064751364066,0.3207627208131184,1.0,0.2120642559908436,1.0,1.0,-1.5928907482384378
-0.040221434659210686,-0.3623601815657139,-0.6830252959437211,-1.0,1.0,0.5555627155254341,1.4955033818962422
-0.19193954490917298,-1.0,-0.7869162420667783,-1.0,1.0,-0.34589663603155435,-2.2666049910092347
-0.5114430198069712,-0.8966733989581006,-0.5177520849772907,0.04688322526840277,0.6553468646193583,-0.2216963110504317,0.009740349624520167
0.8554404540980609,0.5072405639836534,0.5028202385729506,0.7489261820059474,-0.11329646637384516,1.0,1.4261418889852155
-0.08387541072352422,-0.37638272266398454,0.8252880026944669,-0.7106063578932722,1.0,-0.9897719836544512,3.0919888875674735
-1.0,-0.03317079814378712,-0.9357956299927925,-1.0,-0.33603315642028186,-1.0,3.1411540442448604
1.0,0.5049778481917895,0.8238992614581823,0.14546794543234953,-0.27748951817404033,0.2904409449380448,0.7453017537119494
-0.1823263084108151,-0.10958418514909696,-0.7801176495009288,-0.10122676576619893,-1.0,-0.4109029722297284,-1.356503393383866
-0.12249934697079229,1.0,0.10242420408568143,-0.08560910140741301,-0.4139960426593801,-0.08021201531655547,-0.35586789915287514
-0.8945107658105348,0.17088138048188994,-0.9525923909242168,0.4993868300984263,-0.5108378092392394,-1.0,4.194429196827138
-0.5061393984342442,0.3273722732748118,-1.0,-0.07069040790164205,-0.7978503889167713,-1.0,2.2570770004711003
0.5717023202882946,-0.34962327601878895,0.07600863879777897,0.40894354764823015,0.5398745047370984,0.44095247858686215,-0.7796697752527038
0.6793434307198829,0.36641468579626335,1.0,0.7932966364936396,-1.0,-0.0276686509778441,2.2315775160695597
0.1293180939572105,1.0,0.579677337261447,1.0,0.5499153652099997,0.07725186623711222,-3.1526022094856656
0.2556963256498638,-0.4599719307108787,0.3038278865160511,-0.39007895771011086,-1.0,-1.0,4.577549774997329
0.6819151698914415,0.5747950163896174,-0.8954037663376487,0.2634770229382414,-0.26493213870142723,-0.23100735209897594,1.1274984243494304
0.5139115380462523,0.7049717413376215,1.0,-0.4474098754015633,-0.24716183884380805,-1.0,0.9889740491215468
0.22729329823206865,0.1683670680472409,-1.0,-0.5395489364962979,-0.11286141689443574,-1.0,2.4361257593173806
-0.5977663618452063,-0.7344268845439024,0.7938649201028386,1.0,-0.7935585274864969,-0.7695996727402475,0.20681181605411061
1.0,0.2671160975168554,0.03309267069632771,1.0,0.4378304904603581,-0.47333784900664266,0.3659180598212248
0.28893275961520826,0.8499568325468057,0.6002776977833881,0.32962859753391793,1.0,0.8189462021970908,-0.6118696693658993
-1.0,-0.8686828980779246,0.48658409272663256,0.07739264521487299,-1.0,-0.4499699870823358,0.5071320259838871
-0.1443871691398163,-1.0,-1.0,-1.0,-1.0,0.590882811409242,1.9623902283589938
1.0,0.7719173922154556,1.0,0.6157063171082113,0.5256516165029406,0.16911278840906196,-3.3548471912362254
0.3109200970052779,-0.4003303866097453,-0.10598094909424649,-0.7660693355648965,0.08692877312548986,-0.496591470484345,0.4363857630258515
0.11538847361353011,-0.3842171387270702,-0.889985757550283,-1.0,0.856623439933059,1.0,4.352805410013281
-0.040349432922275774,-0.8332514869294501,-0.9498213028031072,-0.26804007695648036,1.0,0.10835528133022712,-2.059518331279658
-1.0,-0.9138013212870058,-1.0,-0.4408410568277681,1.0,0.2341465785230732,-4.901622559675004
-0.9027486565365958,-0.15760341069007944,0.09112560043739143,-1.0,-1.0,0.08311212665240109,0.08039971063044529
0.36726902790885096,0.9182225679945878,-0.5011616407310144,1.0,-1.0,-0.5605811921500539,5.135117341526811
1.0,0.8927053734679873,0.5399082220368223,-1.0,0.007788167359715714,-0.22851115441428427,0.05726652186538056
1.0,0.1848890824703886,0.6842368177896929,0.5093399551379698,1.0,0.35695862279166307,-3.9594593417542017
-1.0,-1.0,1.0,0.17486887749120578,-1.0,-1.0,1.6131815267079013
-0.10023393607242595,0.2617824915280673,0.7474759240635821,-1.0,1.0,0.14146994819624037,1.8813190694533606
0.3918862858823017,0.7198902567823718,-0.4408081586598751,-0.03833025333449486,-0.9617005452373655,-1.0,2.3981658294679384
-1.0,-0.7844497199011584,-1.0,-0.2905551601905372,-1.0,-1.0,1.4778879911475071
-0.3920900884718248,1.0,1.0,1.0,-0.08000358790718376,-0.32691433071231757,-3.573543722144996
-0.9100786146674602,-1.0,-0.555049571052223,-1.0,0.20808013219764288,-0.1566046807028998,-2.5824573124813854
-1.0,-0.23585945023343546,-1.0,-0.12492778250235093,-0.6979290970068502,-1.0,3.3452849140877516
-0.0797447822232249,-0.8439824169346652,-0.4702232779318995,1.0,0.7125574017636764,1.0,5.027627724244705
0.9849993094621028,1.0,1.0,1.0,0.6780959930632819,0.8933037264813531,-8.414146857664964
0.8510329204501752,-0.4087342793138386,-1.0,-1.0,0.2058530024829628,1.0,1.8123688672412457
-1.0,-0.8884370862038335,-0.6036776834447533,0.13695255621812802,-0.10688355231509195,-0.6542392445175597,0.09837783878760084
-0.17501601497179586,-1.0,-1.0,0.0009361258400419903,-1.0,-1.0,0.2405192308472356
0.021081691133364444,-1.0,-0.23414313451158475,0.10848647928553487,-0.2617655587248131,-1.0,3.0705206444696374
-0.5132154460728886,-1.0,-0.6241653168422008,0.11425712077017797,0.2986544236960506,0.012519180944395442,-1.4039627397340209
-1.0,-1.0,-1.0,-1.0,-0.27079264123571145,-0.496345416153376,-4.606908646398026
-0.4596749214416538,0.32681730204934695,-0.3042230808941322,-0.09303370070658601,-0.9350240716409659,-1.0,-0.30552271911732304
0.6862815151555135,0.2805490356147651,-0.7852559530494847,0.5094073808880303,-1.0,-0.540561843317361,2.069674755746945
-0.06621847245671186,-0.1716304815344647,-1.0,-0.6117319056981367,-1.0,-1.0,1.2133294573377282
-0.1643923181318242,0.1906995425407057,0.99416553411566,0.3226122849516697,1.0,1.0,-0.7018214855704195
-1.0,-0.8490707075813076,-1.0,-1.0,-0.2519512278308037,-0.15726516294442217,-5.387831554923485
-1.0,-0.6067773180504858,-0.053154852097718974,-1.0,0.3751496483990724,-1.0,5.880385716487843
0.778892428960747,0.7681070632869926,-0.3213314662103013,0.270503232462426,-0.7005996650678735,-0.09468319697333405,2.8880996685675093
-0.9190645648126818,-0.3544113215332344,0.3833676104040743,-0.013024916614916948,-0.36113653969753856,-0.14191169426031247,-1.3303313058747848
0.340313689966961,-1.0,-1.0,-0.5692644082883447,1.0,1.0,-2.4036940789926797
-0.5637376103361127,0.4487956416969604,-0.2893526710919725,0.6674577852970258,-1.0,-0.8040650124144543,0.31038304164114805
0.23431405683038542,1.0,1.0,-0.344073765742747,-0.6536247257222557,-1.0,-2.1008168900265956
-0.19242621458198328,-0.2318999580058932,0.7494590969150834,-1.0,0.8372352851351799,0.06186503825038836,1.4119447969227803
-0.9671163575152711,0.39997116235416513,-0.06146143551294146,-0.523672286646246,1.0,0.676782359731241,4.968706598368261
0.9224344712484497,1.0,0.4921707898266571,0.6713222178996027,0.7441320539268623,-0.8483372398146483,-0.7080266181780261
-0.43488516665302535,-0.3278171428366494,1.0,-0.7448469117506596,-1.0,-0.9975817335959145,-0.04878124431362095
-0.9624132127706689,-0.21328943667690603,-1.0,-0.7255274109867351,0.7957470566426166,-1.0,5.092679495204229
-0.46815353965077744,-0.9328990995115669,-1.0,-0.39644511210555083,-1.0,-0.13787081555279235,-2.8864109679423633
0.13644997496888978,0.09392655566121216,1.0,-0.04746127222283081,-0.5542396463679639,1.0,-0.7366673348406492
-0.7202729875901699,0.46208457417557897,0.4217457324230976,1.0,0.8470827631629797,-0.11871403342779566,0.3201132734042207
0.4527773170877301,0.9494471846795756,1.0,0.9076112680754562,-0.4957970478710002,0.002658957649912641,-1.3156180485903264
0.038154625409310694,-0.6175835121783195,-0.3603840122994836,0.8002816431475961,-1.0,-1.0,2.0027929849191795
-0.7638753103448772,-0.7012344207885628,-0.6606247282741298,-0.029303677747986367,-0.49446509211817874,-0.9279363242144858,1.4292182773671398
0.3418720064259595,0.8054292299740704,-1.0,-0.769343531143897,-0.260938551114253,1.0,8.848840834249776
-0.2154638902934849,-1.0,-1.0,-0.19517734842986978,-0.21731920833909002,-0.5469238696488679,-1.741075976890881
0.05436676979068655,-0.2276958133366262,0.5691529242878159,0.7871681615400234,-0.03642311038102075,-0.7339631432265402,1.7892223965155782
0.9543339103755945,0.6338180223585783,0.4335704405023826,0.844157570975668,-0.012394289744968812,1.0,-0.16771203757905395
-0.7332162094863108,0.8210565239062758,-0.49114307588531836,-0.016491508375221942,1.0,0.7080731509231882,6.002961326887363
0.0661802418136771,-1.0,-0.934025972545722,-1.0,-0.6369632318318403,-0.9049743125506721,3.8048454865662773
0.3098614240211748,1.0,0.600874295444769,0.9057453917743287,0.17914694600272885,0.8035335678837864,-2.154009899243998
1.0,0.20813329482688125,1.0,0.49052869793741416,1.0,0.9441723057296975,-5.62904846024527
-0.5982452845885715,0.840831698528078,1.0,-0.8446040522662436,-0.017103111530043513,-1.0,-3.2310393111222258
-0.17110198597379556,-1.0,-0.06488400388354432,-1.0,-1.0,-0.9726089533495985,9.245354064269945
1.0,0.11751412869643219,1.0,1.0,0.6340515463914582,0.7948345708592429,-5.523789063455573
-1.0,-0.2235457627212466,-1.0,-1.0,-1.0,-0.99988403424526,4.064965875064552
0.9521209022701816,0.8638389315291257,0.578945256914725,0.5175179403788834,-0.13810249522536366,0.4883774401846496,-1.2983862119558938
-0.5752380969106443,-0.15613029241457854,0.10223923589735871,1.0,-1.0,-0.6496988147390761,-0.16955611112963326
1.0,-0.9914725673465308,-0.7976039717328118,-0.4456716251527383,-1.0,-0.8866287870051317,7.981402252159897
1.0,-0.7585020053888134,-0.47479084967332397,0.6374518810825556,0.7871602708534247,0.9656943574313432,0.6151459541387253
1.0,1.0,1.0,1.0,0.04410626212108072,1.0,-5.266820671724602
-1.0,-0.610778194115289,-0.26698967037560095,-0.04077320252314576,0.7662292957316081,-0.33205198779479306,1.6851133099141735
0.8548113137052307,0.0032312461597468044,0.9899197561379172,1.0,-1.0,-1.0,5.938329932197291
-0.9183660189421148,0.03134943126680856,-0.02915384189119341,-0.07623148719275852,-0.7008577420326284,-0.43428882804811586,-1.576830977688636
-1.0,0.24931129831511573,-1.0,-1.0,-0.8586795458208419,-0.6644689423461663,-0.8510304290191543
0.4700217703390698,0.11224064330171613,-0.7796814202318888,1.0,0.9050545232773051,0.47397282163277576,-0.4909060728849505
0.2571710826169141,0.16676304254309038,0.39622222453765327,0.6562433506416752,-1.0,-1.0,3.752523805236936
-0.27141740173551604,-0.7408399136181133,-0.3257926463733416,0.1713149420980249,-1.0,-1.0,1.2384324395905824
-0.14763567385556198,-1.0,-1.0,0.017512814945714994,-0.19448218421719976,-1.0,2.421217882966703
0.3128304022425792,0.891347891372278,-0.49000971190216863,0.11610696144007826,-0.6638781356507617,0.49367955050285395,2.8233122025991877
-0.4356565976284372,0.25549605692856303,-0.7877418525950916,0.01878100367549604,0.0009993945119401992,-0.4296740417568985,-0.5029305416273842
-1.0,-1.0,0.28881396000133264,0.6674655714854534,1.0,0.9341584090385604,3.5894321150234787
0.24623410145289948,-0.5236012074085997,-1.0,0.6544109523145106,0.01274065680356773,1.0,5.929109695791674
-0.1099834226127509,0.4280550174522093,0.01781283700744729,0.7357347269055536,-0.3199378280309128,-0.6987908927202375,0.849936360385652
-0.31711413497360263,-1.0,-1.0,-1.0,1.0,0.059572575873922104,-4.954282051102395
0.8686486818133226,1.0,-0.2270681995046876,1.0,-0.40590986573766996,-1.0,8.932720905808669
-0.42444314829999225,1.0,1.0,0.5077703376149221,0.9879085750857703,0.5161465841215516,-4.011055945671312
0.925415965146196,0.17066060096303257,1.0,0.36389511268851815,-1.0,-1.0,6.929624667299978
0.3047736272159276,0.7916540318005885,1.0,-0.10708182265606234,-0.7632817322693433,0.013701582990775174,-1.3109322168100659
0.4964507403191098,0.4700892588678923,-0.9367601381943133,0.659718073797973,0.6932013867652072,0.6626316711841117,0.21026351642773294
-0.9023679099977671,-0.8987167009485668,-0.9112538494049811,-1.0,-0.6787506295737824,-0.438624046721947,-1.5962683352764884
0.7617063190713215,0.7298357414180839,0.40758685657521554,-0.14361184526544446,-0.8439755461995987,0.6124837163711927,3.046793599517511
0.12487365625177971,0.20289579889763887,0.8212852148631792,-0.27078255642560506,0.4495339321222702,1.0,-0.5102181131951943
-0.9105606499204694,0.5014000315985174,-0.756142178908451,-0.5677311193839307,-0.9586536336227418,-1.0,-0.6644913618540766
-1.0,0.2453990270329342,-1.0,-1.0,1.0,1.0,9.556364517945164
-0.050798190412643995,-0.053720097257222044,-1.0,-1.0,0.4401497539329542,-0.3742754038409468,-1.2701048184517223
0.7789270966889474,0.7367234089719419,-1.0,-0.49983861754287423,1.0,1.0,5.747144856402969
-0.7344355646992919,-0.17091404788093167,-1.0,-1.0,-0.021370548956089697,1.0,6.268656939058801
-1.0,-0.5721190458186161,-1.0,-0.9794850515482951,-0.3700522379881679,-1.0,4.299175140239217
0.3290464206461564,-0.031122857330997206,0.5618613305528365,-0.3356398449452992,-1.0,-1.0,3.3740548422690444
-0.46997306173585773,-1.0,-0.34755961472689945,-0.5307470273152299,-0.7160075416432428,-0.9146195297970936,2.586528468749363
1.0,1.0,1.0,0.36667382117007963,-1.0,-1.0,5.063042568436109
-0.8435051278002121,-1.0,-1.0,-0.9317335760104557,-0.09685736550597027,-0.222908082471391,-4.748629075442066
1.0,0.4817161016103968,0.2826611286508569,0.8395956076205136,-0.15788387703144535,0.4970454337886937,1.0921607654147052
1.0,1.0,0.7663517526559989,0.040448002813626704,-1.0,-1.0,3.9324491080531825
-0.14428812299752292,1.0,1.0,0.2972621866888381,-0.06703825647937944,0.20577137241437857,-2.8855723393068313
0.090048638504165,1.0,0.2847388798560259,1.0,-0.14739487828547015,1.0,0.5634775754414334
-0.44127359900769647,-0.9340076129911948,-0.029593542105527892,-0.3909772779981603,0.4967928255534485,-0.3213635616007054,1.3164033273502003
1.0,1.0,1.0,1.0,0.3126329258498535,-0.6584005434561566,-2.0329947540778117
-1.0,-0.6980552133421607,-1.0,-1.0,1.0,1.0,2.990226001237774
1.0,0.1920540025464731,0.36446467146054773,-0.20551809345737582,0.8981691510998923,0.8164907789032845,-2.009486393677263
-0.23907225229600754,1.0,0.34914455590233384,-0.5702670156803772,-0.44318496039752786,-0.327779350896356,-0.7714916614334687
-0.3317217442126935,-0.6310795756395939,0.23306535919554316,-1.0,-0.1012134556837534,-0.8016266378269308,3.2369758424430004
0.25072360757807804,0.26352130494688353,-0.03249131949028483,0.5130722184813867,1.0,0.11079389648719729,-0.6667900029200503
0.9880913116173506,1.0,1.0,1.0,-1.0,-0.5980774329987606,5.8702755103374145
-1.0,-0.1657847704637832,-0.7555083502379564,-0.4437055462193855,0.36714159954620873,-0.42053397381692376,0.8179594158704131
0.3927166552071707,0.6090344033974939,1.0,0.9971458390067094,0.4569415999233676,0.3303320856716647,-2.976083697818857
1.0,0.2044783931531195,0.7356810226170208,1.0,-0.02662180888473742,-0.44025721536208373,1.934059142116194
0.520967175456617,0.40668818397482437,-0.7877056621387025,0.8166783937096092,0.44954294609888035,0.24898834206071951,-0.34697601771694075
0.9197491704722806,0.354572172985097,-1.0,-0.48689893820948316,0.2354008173168185,-1.0,0.27045962432961557
0.7430445121899121,0.5004524709759015,1.0,0.6890772211516172,0.09688979774158885,-1.0,2.8849410893309635
0.3465373702177015,0.5553265377188323,1.0,0.3541387643522489,1.0,0.7194357325427375,-2.5285698967256947
0.285096452246311,-1.0,0.9525578913855558,0.9263609234233364,1.0,0.6341302508746015,-0.5241416767175935
-0.5752828115005058,0.8618659963373346,1.0,0.5311230541735782,-1.0,-1.0,-1.700894852971514
-0.04169541726917912,0.19357816927827753,0.7479558736800591,-1.0,0.3470344601997175,0.12956830498002048,-0.5517126234617497
-1.0,-1.0,0.19423431542006117,0.22328222699775735,-0.9091644072317595,-1.0,0.8466865537025234
0.935296924382101,-0.7775617705997437,-0.05252359765308556,-0.6841516621520498,-0.4925055482416947,0.6585602515072523,2.7723049255255967
-0.017173879315424134,-0.7080968106893779,0.9301332929635266,-1.0,-0.0797457597044825,0.4222588414986834,-1.9491591306915779
-1.0,-1.0,-0.7475389163683339,-1.0,-1.0,-0.32145354682954286,-0.004729141514327573
1.0,0.7326979592380143,1.0,1.0,0.6048374618204597,0.2559062015813271,-5.254095351949996
0.09592148973919906,1.0,-0.5204006302025657,0.6463463960101996,-0.1477635371245991,-1.0,3.725968365369619
-0.554868524431481,-0.2904486922346069,-0.5393876303910019,-1.0,0.43119081608596027,-1.0,4.847367971958102
-0.3907450304674862,1.0,1.0,1.0,-0.852532893586551,-1.0,-0.44846655658260226
-1.0,-1.0,-1.0,-1.0,0.026663983932900592,0.37425413135277297,-8.651926681081555
0.26024248751490975,1.0,0.7255351148192198,0.5228463501182109,1.0,-1.0,-1.666890623355296
1.0,0.430237673353388,0.07922602982812088,0.34665148316028105,-1.0,0.03620044677798684,1.9071416753359869
0.13774333349119527,-1.0,-1.0,-1.0,-1.0,0.36367930970080115,3.845834703285164
-0.3900832180120275,-0.20254145552531067,-0.8564463613189828,-0.7085527910251348,-0.22059149055175137,1.0,4.245686224336459
0.3755798482700127,-1.0,0.2805915827190557,-0.2568241936840326,0.6808088864130525,-0.1625672243020857,0.16821915233181578
-0.36949145558411695,-0.27390622150492683,-0.8850926999470288,0.9481575445144005,-0.7921615818163383,-0.8369865380745118,-1.1582307139170611
0.4383430495683061,-0.5329252110417418,-1.0,-0.7215165580983932,-1.0,0.7246863316206769,4.941738198877898
1.0,0.44615813924335473,-0.013560701195353964,0.9242189448900335,-0.8239132067853495,-0.14562938970325986,3.2542144720717165
1.0,1.0,-0.6573641880620158,1.0,0.9804596783960677,0.3349306768907433,-1.6834711417570505
-0.1494265743890988,-0.9318558098750218,-1.0,-1.0,-1.0,-0.518053844939532,3.2418206474017417
-0.7346970760111186,-0.28734003332471314,-0.07189093841017144,0.9617715228082758,0.20113887744796863,0.6507549588379216,1.166262362437802
1.0,0.11370182972271618,0.7287219069046368,0.25876408252589655,-0.8192514156564388,-1.0,8.179412265696316
0.7482016941511137,0.1700564732922899,0.7536955610353048,0.3453692480360864,0.8257875478143004,-0.21167606298879565,-1.5302372362531065
0.36068522709558226,1.0,0.7473563763718639,-0.448925354836592,-0.5672643661640145,1.0,1.7275696072974491
1.0,-0.014747042427516233,1.0,0.9105142225111904,-0.011021621178896268,-0.2545536267252807,-0.012871597403981028
-1.0,-0.0978725895201733,-1.0,-0.4886468732756537,1.0,0.1503032260355388,-0.7530480199872097
0.8846532369690936,1.0,1.0,0.676246174915468,0.287128999622469,0.9900139320411574,-6.5411247656070275
1.0,0.5939434392676142,0.6564958158560122,1.0,1.0,0.5298410435266288,-3.986091729520041
-0.15509441202606988,0.11688126164525203,-0.5216292727411949,-1.0,-1.0,-0.8579159110087469,0.6424287856380925
-0.9750336075535677,-0.5178085801699411,-1.0,-1.0,1.0,0.3877738152649235,-2.019911610156889
-0.36236434097955444,-0.661362082744894,-1.0,-0.0798572196421703,-0.6099942804502465,-0.5429695348022356,-0.7754406150041222
-0.14008074693543837,-1.0,-1.0,-0.4736893578415653,-0.10427428665878746,0.6971030938569996,-1.4429331727081944
0.37687099247958294,0.5524860106911766,0.6075445325032668,0.6320024162635575,0.12245434870653965,0.2543574240796277,-0.709909991131355
0.5007492269152799,-0.5281135033352573,-0.42619742079310013,0.3133136799990963,-1.0,-1.0,4.839190043767108
0.3153347981122152,-0.14635504481613493,-0.9933212819052852,1.0,-1.0,-0.6408175520841124,-0.5485093186323406
0.004890504117886496,0.3661611483352664,-0.990246591605459,-1.0,0.8479295500974848,0.553090505158353,2.962615241488971
-0.29276893055620223,1.0,1.0,1.0,1.0,0.6830677543572714,-6.734929448943385
-0.6944520310814923,0.17371968268483673,-0.6791552744559906,0.6282323234206294,-1.0,0.45376667155658074,-2.423696445159663
1.0,1.0,1.0,1.0,1.0,0.39842525637666926,-8.993295732710711
-1.0,0.5425337733912265,-1.0,-0.9427623852101641,0.4836859132502851,0.4238946073713603,1.9222307331090545
0.8527668628412666,0.13056008044474632,0.9052262355035076,-0.13813692131485317,-0.17071920336683766,-0.7052323541042054,1.8926662153580496
0.2772180842391436,-0.24037428855061715,-1.0,-0.15920973873452038,0.6096457870606563,-0.04772753646096173,-0.4735838533039773
0.03960036544953495,1.0,-0.20655009172754973,0.7101599461960123,-0.9734178656863584,-0.690052717771312,2.4350766168636193
0.647552970013513,0.3420902873719872,0.1370075407727896,1.0,-1.0,-1.0,6.968014765468988
-1.0,-1.0,-1.0,-0.9427401667698523,-0.34877473836619033,-0.2346649015508481,-4.410247424577339
-0.2377980359879993,0.5404167479439647,0.9606542593013173,-0.014305449844731366,-1.0,-1.0,-0.41853955049797564
-1.0,0.25452318787556016,-0.01295663979202008,1.0,1.0,-0.7735687828641951,4.880137141681182
-1.0,0.5337484242159409,0.8409819759234278,-0.11986203119248766,0.6913667392181038,1.0,0.632634706292678
-0.34039749936455577,-0.9685287452635768,-0.295369766830664,-1.0,-1.0,0.773310656228035,3.9919346101228084
1.0,1.0,1.0,0.8623825671314691,-1.0,-1.0,7.688110163217748
0.14657106486198168,-0.22586575122750716,-0.449254446555346,0.43962162454053594,0.7431706023608307,1.0,4.399661748874478
0.44870965041625366,-0.5233834061897502,-0.18539258337143383,-0.6354688099435817,0.35648803348649244,0.25203418919503884,-1.0808074055364787
-0.042974913033162254,-1.0,-0.45187188539242157,-1.0,-0.24397640444223034,-1.0,5.091193439536141
-0.5109501489621306,-0.2866081938919829,-0.5437159892913748,0.1673826886982579,-0.6161121026945614,1.0,2.59130173299478
-0.2463612088904562,0.43790497246671045,-0.33382328816251716,0.19081280524979927,-0.9730469198054201,-1.0,0.45729961588412743
0.8800685397961334,0.2645113932654406,1.0,1.0,-1.0,0.6860984397149286,1.7418316097510358
0.8644038799574372,0.6987574162432977,0.07173674634111826,-0.3532229932693355,0.5174722252894486,-0.1919347221891552,-1.6543857638040302
-0.09155388753062274,0.6244575949525013,-0.043158911074469036,0.3638170106851306,0.19571974341553955,-1.0,2.1152070903055886
-0.6015064844464264,0.7842723469543227,1.0,-1.0,-1.0,-0.020217159007715813,-3.1449577549024914
-0.22037647588859205,-0.7475451078178971,-0.5515317909117455,1.0,0.4078502579711524,-1.0,0.7725141781809046
-0.4056203586629711,1.0,0.20529941084707526,1.0,1.0,-0.5163711976313523,-0.17124921068367766
-1.0,0.6359571238877443,-0.6354386676061589,0.040904112289730676,0.46835702040208066,-1.0,5.02690566748018
0.8330248520009056,0.7369372604015079,1.0,0.3840656333509247,1.0,-0.04980213275619205,-3.223325806925047
-0.27215006733753394,-0.687565958025893,-0.688206231018993,0.529410662551245,0.22584512420061742,0.37437342270193597,0.7693778693024557
0.22749821816606614,1.0,-0.875816772655857,0.16637508644692456,-0.9201637481422251,-1.0,3.2156021346713617
-1.0,-0.5987104066050637,-1.0,0.07626826660845215,-1.0,-0.11234156169847442,-5.343273843484257
-0.5184748483164472,-0.004896419181696754,0.8656389551115252,0.12006631393602518,-0.6273707361472425,-1.0,1.1728418462168029
-0.7498619164995215,-0.6614971499436141,-1.0,0.5565637212917506,0.36813400954432207,1.0,6.516722483768345
-1.0,-1.0,0.0612091067060222,-1.0,-1.0,-0.4014796469252176,4.6856791548412335
0.18407619298156275,-0.19040014100931157,1.0,-0.09909213026743269,-0.03417779002842036,-1.0,2.100280889929064
-1.0,0.5915099703264852,-1.0,-0.7096151803120347,0.3793799961086415,0.10471174251389659,0.8736838620325221
0.6998536633268899,1.0,1.0,-0.6762916466884298,0.11944208047567129,1.0,-2.308947488262017
0.43674188403332537,-0.3946564796966344,-0.01830249110181148,-0.4092566228174832,-0.32425188968426566,0.3549280881887764,0.08883131453975551
-1.0,-0.32632954386110424,-1.0,0.38006919098103265,0.7243533910033189,-0.8081769285868948,3.257752065685041
0.13586013112029616,0.5821697264205862,-0.9421665623746825,0.6259632574336697,-0.8705191078416543,-1.0,2.74548468941032
-1.0,0.08588946613924531,-0.717574194041952,-0.14668128728009533,1.0,1.0,8.374252342679375
-0.7004574266401251,-1.0,0.3337716885104537,-0.49549069834410747,0.5413937197823413,-0.5994431480127395,3.4878227473743744
-0.34185327947233296,0.7198714111355428,0.5564838733619712,-0.025417607931395414,-0.9203533466043096,-1.0,-0.38327655439169306
-0.6995318679446518,-1.0,0.616737784611123,0.17543174170895687,1.0,-0.11225184708998215,3.636997211998941
0.3686678109373216,0.27276479264567355,0.1376719366768695,0.8746109860551496,-1.0,-0.5560182262025526,2.3381960005484212
0.6016252451120703,1.0,0.08220219557741526,0.08824363141363478,1.0,0.05575268982647841,-0.6104629654991237
-1.0,-0.4650583741857601,-0.5667910942972353,-0.7696238707714247,-0.9920405288240353,-0.3217708927375287,-0.7897201856389118
-1.0,-1.0,-1.0,-0.5811928914819755,-1.0,-0.006599976321971249,-4.491656544265625
0.026431725287405783,0.23627809188534643,1.0,1.0,-0.3562226686691672,0.448091463857232,-2.735168780288629
0.7205813919735335,0.6114359427013643,1.0,0.35122637145340635,0.9318888670283554,-0.9374363500413311,-1.8495111989402024
-0.4745536258516456,-1.0,0.17214687596269324,0.23096151550873123,-1.0,-0.6220555540775088,1.1483048082831697
-1.0,-1.0,-0.3007541834861357,-0.8790911283566649,0.047661600034914736,-0.687415566567033,0.8354726083269294
1.0,1.0,0.9918127686808509,1.0,-1.0,0.6782531187906291,1.8632553739029318
-1.0,-0.8107378649846562,-0.8716233202478282,-1.0,0.7692434282349189,1.0,0.9701339377359077
0.21296628786129712,0.655642568195118,0.15750999076483446,-0.7580670889645609,0.3899749981278986,0.5052464326688475,1.1245282860004628
0.332126627325575,1.0,1.0,0.9022104702998275,-1.0,0.9620779565865065,-1.5532666302745448
0.5168086341297252,-0.037376291335486755,0.5698870550306399,0.07798869643397927,-0.47203062986095046,0.950649033255603,1.2123360331253146
-1.0,-1.0,-0.9350269420234878,-1.0,0.6680771473700738,0.46010702130852726,-5.979489841471702
1.0,-0.10695227295669274,0.41960863228629286,-0.4348059779850726,-1.0,-0.2911836814975124,4.293011115477033
-1.0,-0.16275544846857493,-1.0,-0.4169299683907388,0.39239340222083574,0.005823999250023804,-0.2991081092597384
0.04500333227332681,-0.19050562144041883,-0.3945210270686665,1.0,-0.48373818176815275,0.637967710273504,1.2873943824115812
-0.23400272690903684,-1.0,0.5609215181666826,0.14062805788019303,0.7308874014160958,0.32577138077502843,1.987630703694399
-0.25479931212496865,0.7835642518223127,0.2033921917939302,0.03734542031801924,1.0,0.4205451177371302,1.9831427519595786
-1.0,-1.0,-1.0,-0.2079811933502882,0.09631881477951193,0.3112336606406491,-3.2109926792736068
-0.8765111933268335,-1.0,0.44665085891832296,-0.09144534832836965,-0.458588666417962,-1.0,4.26489416531542
-1.0,-0.14373440999277487,0.03234265417283788,0.14075060788240423,-0.09104343513466329,0.08999924394165892,-0.2979824540167104
-0.10853838068734845,-1.0,-1.0,-1.0,1.0,1.0,-1.6170518781540024
-1.0,-0.7743738368773398,-0.02813482405112333,-0.3530253058789887,1.0,1.0,4.287760036144006
0.5983602068385773,-0.1681163658597324,-0.30946037735173626,0.5341726948305618,-0.5640026771433893,-1.0,3.6112059009187583
-0.29665493221009553,-0.49078379486998025,0.15341875968901936,-0.9284506818749726,-0.026339854550782915,-0.6567042122558475,2.2950418650487823
0.32018789889082044,-0.7465923591534721,-0.36168961599568633,0.011738546771944303,-0.3959920194381168,-1.0,2.9727231844914757
-1.0,-0.4792488087915878,-0.9561923543692361,-0.9347337380686072,1.0,1.0,5.8841993684827
-0.3821844337648596,-0.35401047220073933,1.0,1.0,-0.25327857475411836,0.13477822764956832,-1.164461303304845
0.37341947126468633,0.1983630000635197,0.36495302354859027,1.0,0.4409923788139061,0.07966310255222397,-0.094613881470624
0.6702379286678896,0.8554412639608526,-0.23997272089104926,-1.0,0.20807950006709497,0.37705170051879205,1.7595595436551175
-0.0452211994045989,-0.6677928308600418,-1.0,-0.8426225777817007,0.5110260657271706,0.3542016276247384,-1.6731300865047276
-0.2774988575949572,1.0,0.8593647529235311,0.23893233500381084,1.0,1.0,-0.3387105860421784
1.0,0.9340627434161661,1.0,1.0,-0.808420594779152,0.922295403793775,1.7013854083954034
-0.133279412183004,1.0,0.5730249941633245,-0.5650133477077609,0.6726878996373225,-1.0,-0.289265074817121
-1.0,-1.0,-1.0,-0.6086732607050147,-1.0,-0.6195420407524828,-2.024492391995774
-0.9745897474259535,-0.6662044380056282,0.17735917570801296,-1.0,-1.0,-0.18690200102239163,2.527906702092988
1.0,0.22449430009189908,1.0,1.0,0.375252155417638,-0.9924795237645133,-0.4148170217487064
-0.4067374346046117,0.457910165028132,-1.0,1.0,-0.8216833908308248,-0.8494400904928008,1.3613769631182144
-1.0,-1.0,-0.2084965166451982,-1.0,-1.0,-1.0,6.275720263393682
-1.0,0.10803999921452845,-1.0,-0.9444264617813574,0.7291502165956605,-0.4870886540399936,0.05187652405460563
-0.042575869432423946,0.17766665836583295,-0.09883129360608428,-1.0,-0.5782669977108394,-0.2893372264408143,0.633910249810601
-0.7899270135655071,0.4171033441321953,0.20678402667750778,-1.0,0.4446628735078517,1.0,2.0718915587120748
0.9949129762534079,-0.2438308151056643,0.9781087601852139,0.955703289185716,0.4208784613412093,1.0,-3.0673764829439474
-0.48416414763830184,-0.8228470082282517,-0.13735787938549016,-1.0,-0.11157719429650814,0.031083614937972095,-0.6749476425947031
-1.0,-1.0,-1.0,-0.7084547744589791,-0.3254513498509525,-0.6658281269842338,-0.5983709443268124
-0.9447902514964697,-1.0,0.4840439399918506,0.9216840931895743,0.49597581967693827,-0.8480314121306753,2.5319775358035472
-0.3194554506715207,0.3393681381463859,1.0,1.0,0.5740672347638393,-0.7114351866115733,-0.19524129635686063
-0.48806603960550343,-0.141578132138923,-1.0,0.3446150036189005,-1.0,-1.0,0.825524492101235
0.5783458403111726,1.0,0.12439154921438544,-0.39247312781778554,1.0,1.0,3.7095184335866236
-0.970290591268679,-1.0,-0.12834708522082983,-0.42157389025305037,-0.1392349896335294,-1.0,4.659467678847385
1.0,0.7970495768592656,0.4195896738732139,0.8368095080417776,-0.8280121440423567,1.0,4.824974720017444
1.0,-0.1320160987232989,0.649803306153509,-0.050413466977720645,-0.29659025306266396,0.46357070218101015,0.6936708021265311
-0.1602909047877099,-0.31735608846627483,0.08468917221450051,0.9694867142094437,0.38246249498706797,-0.4757945491794119,0.5843088494633981
1.0,0.24056606169968114,-0.5570828070013332,1.0,0.49953919699980354,-0.2279982697251639,-1.7821103812897028
1.0,0.41854477584331834,0.86738328475778,0.8816089836328959,-1.0,-0.5116687941214201,5.600836207743663
-1.0,-1.0,0.9392857714318691,-0.6768416399547228,-1.0,-0.796551577273114,4.425513689668958
0.13153482755654894,-0.1849474666419897,-0.6489189016844262,-0.8335442289011349,0.5830815919420893,-1.0,1.8732997344888682
-1.0,-0.9750376014859928,-1.0,-1.0,-0.8146942054143795,-1.0,4.759086898716497
1.0,0.28142092832492605,0.3533114089752618,1.0,1.0,-0.3255254046786884,-1.4638680676864282
-0.8187258753027693,-0.7751346496718464,-0.5178294274194112,-1.0,-0.4250506900084061,-0.1325475318144027,-1.1419578304403903
1.0,0.16211055007849406,-0.08225618210519003,0.4794227420213152,0.7374129287462587,0.43149900283875153,-2.0660217310855806
-1.0,-1.0,-0.75274557061857,-1.0,-0.08945123172832403,-0.0716580040791599,-5.167192335741568
0.462473937032827,0.07431411923759734,0.6398342708066385,0.16655276214817727,0.684914276541138,1.0,0.018306078691979255
-1.0,-0.19334799310871564,-0.3837760221626272,-1.0,0.7478204304908883,-1.0,6.865181616742691
0.6967248038807445,0.75892523965768,1.0,1.0,-1.0,0.0008651717788140667,2.625746382644079
-0.3902153854388496,-0.3930837014349007,-1.0,-0.4634590126353322,0.8807312455472842,0.8429475024954324,3.553576607792412
-0.3223191592478848,1.0,-0.7055241984854514,0.4049517895780186,1.0,0.08442807361222004,2.012955702685198
1.0,-0.13740923734112556,0.3711008879758593,0.9439345809830108,-0.20920891920738716,-1.0,5.621246665805495
-0.6392783795966338,0.06907551807893483,0.60693144359377,1.0,1.0,1.0,3.8646962926356836
-0.2091113942434375,-0.6105352390565999,0.3322844070181117,-0.3813530091406612,0.4196362836785579,0.7629743564253586,-0.394588353649719
0.18409031025948575,-0.29325178680676356,-1.0,-0.5920891308355896,1.0,1.0,4.362324630610828
0.4872099443231092,-1.0,-1.0,0.09534440337661843,0.42482518998973795,0.7841617841544192,-0.8293936777126941
0.05651904567001277,-0.08995075586727536,-0.8858294569509804,0.9202823355014107,-0.3888531508360926,0.3279683640963237,0.0019354089429614134
-0.5291144938400961,0.5261236988486209,0.08820795369873444,-0.36331814281216673,-0.48170562976362125,-1.0,0.5980329021088744
0.5144833380452984,-0.5601169175601626,0.8291840444332188,1.0,0.9778514206750103,0.8563498945454182,-1.325641604506728
-0.25228147943346874,-0.2689443814190321,0.9328169292230831,-0.02288365074532417,0.17674913126729072,1.0,-0.616832760610204
-0.9715660221352058,-0.1125077458769419,-0.7574710855224212,-0.5745629167891357,-0.7323720798818274,-0.24361473633367403,-2.147824483606499
0.9195156199849441,0.660889241966249,0.7615971613411189,0.19765726743911882,0.7886171838563926,1.0,-2.212216130092223
-0.14833303415959503,-0.8626102010465864,0.4520005103192213,0.45711144781520485,0.05551502417031051,0.8976736822890108,1.111933441835743
-0.3717138278583191,-0.7273097353262052,-0.7525418004929629,-0.28535802423816636,1.0,0.9239343144658307,3.680475654124275
-0.05181549125790308,-0.6894772101337915,-1.0,-0.0687952158885029,-0.1750481615309487,0.005965850827591601,-0.367541389228907
-0.44277953807088144,0.275397189580772,-0.7541080456626726,-0.48600423208127685,0.33139311328156806,1.0,6.590777209848235
-0.256735167074862,1.0,0.2744014817751941,0.70132501161092,-0.8654667831271732,-0.888386980171368,1.157194224440419
0.5058891772792841,0.2517942522661363,1.0,0.09429255864810226,0.5785014110542808,1.0,-2.8866450478297865
0.33266576449116214,1.0,-0.5900143785299342,1.0,0.2805247423294193,0.4132685007950064,0.44251494228095567
0.07841433500207198,0.6910799114308196,0.727138382268181,-0.050670073072383026,-1.0,-1.0,0.02659380562962882
0.3389795340183903,-0.21175633689938067,-1.0,-1.0,1.0,1.0,4.565735754162498
-0.5796719945097917,-1.0,0.15832693721838487,-0.841330459569297,1.0,1.0,2.393089591324882
1.0,1.0,0.1236952259606452,0.6909029809560918,0.30877306062624377,-0.7892315317587955,2.7508909044794008
1.0,-0.8695345203844048,0.7776940131409142,0.9287326353621731,-0.5460396788323797,-0.04559883381288299,5.279910083658736
-1.0,-0.5218212542239412,0.9731379555053721,-1.0,0.9153553188763928,-0.5549957522143574,1.994460215587028
-0.373786385457649,0.24663613305512477,-1.0,-1.0,0.9653784315060956,0.1269712282966412,0.5104745692000311
0.18602161864638855,1.0,0.7699968976761761,0.16725099751923134,-0.807318386866151,1.0,-0.2682649023322164
-1.0,-1.0,-1.0,-0.9410389957880975,1.0,-0.3259974133651262,-5.499786248485279
-0.01484833139175401,-1.0,0.36519987588936653,-1.0,0.9782046952962853,1.0,0.06639920894793837
-0.81451402574383,-0.05745406518220564,-0.9476209438439334,-0.8902334405202023,0.12091250798902999,1.0,5.65800068553772
-0.40952636351895527,-0.27358164392267237,-0.0004205054950995324,0.17043810661841247,0.7018238247091754,-0.5638522006568183,1.6829171738932756
1.0,-0.5471028096513291,0.7941133942427173,-0.30035575539093834,0.858464749585228,0.5504733363272559,-4.615758753982464
0.2521473825266566,0.14680726678287037,0.08941822007314948,-0.8960918089197281,1.0,0.9437585059300894,3.9315653313264716
0.05607894235459199,0.6486337178602235,0.822683195109152,0.9219780848849144,1.0,1.0,-0.448109462384157
0.09465042758371944,-0.8576837511695301,-0.8870572444738891,-0.19392387001426176,1.0,1.0,2.403790803615904
-0.7236277414642585,-1.0,-1.0,-0.10004434301845366,-0.44685023079515207,-1.0,2.4346981534840686
0.8289438854782317,-0.796156807295635,-0.4479933609849799,0.97823657909907,1.0,-0.4101637506469906,-2.5669940939294573
-0.5420946205510042,-0.05886020925292666,0.2657502694855919,-0.614754327981339,0.035291151442159996,-0.7241169195574131,1.1758059784732242
-0.9146950629873669,0.2634781109210707,-0.3404991989412661,-1.0,0.2544712452765101,1.0,3.5543250007394995
-0.43470600930133907,-0.1325654297916199,-1.0,0.16235794302508422,0.6114777617215547,1.0,8.448096408574507
1.0,0.01533279747544003,-0.1433110115745015,0.4521340416379141,0.3553047550741655,0.9460571781513556,1.6426726005159853
1.0,0.9436995612942892,0.24856148028355807,1.0,-0.5919261974534082,-0.07627828753428412,2.769877004304825
-0.6303067958025704,-0.371348047053515,0.21810378813744646,1.0,0.9242432330111365,0.628990288102452,1.6635262946325624
-1.0,-1.0,-1.0,-0.7488848266052712,0.7340811401974381,0.9290806882598182,-0.694578145109065
-1.0,-0.7070778622903737,-0.28418667438818557,-0.037315460319815585,0.4396123900997413,-0.17305331760208278,1.7322182946961049
0.011466995858300355,-0.2984094736480296,-0.8610999673449924,-0.09675704852563649,-0.9548515422011594,-0.47326716077645326,-1.1573334983789636
-0.46945273421635975,0.5782470725723985,0.485038779133107,-0.45262438611075795,0.058417121174733355,-1.0,2.073760708481514
-0.005326702407080219,-0.7983607745242188,-1.0,-0.5551518752333106,-0.33946611405639326,0.5962872105759129,-0.7617039467046873
-0.6342162639694837,-0.21975766727810053,-0.10400245650517104,0.5530004336216408,1.0,1.0,7.634098374953442
-0.44623993292464187,-0.6650679247858636,-0.5569980415879761,0.9590977644638811,-0.12066061905742773,0.42848656532545204,0.35347251794937573
0.5130973358645896,-0.4041825792156993,0.16752549555816276,0.07212582088383346,0.9693880888043818,1.0,1.093769870171996
-0.4706947021370931,-0.4008524342840596,-0.4321515754512874,-0.964818484179059,-0.04444229598665794,-0.7954369249071612,2.509554087780035
-0.18534230377096989,1.0,-0.3831199871120738,0.5293592471229973,0.35661678934402774,-1.0,3.6441823259604362
-0.5937252886948229,0.5313051033847995,-0.019860629329714108,-1.0,0.47163345915719646,1.0,4.406694569320385
-0.651024976071729,0.057304139782321184,0.05964433894392826,0.5485525651447705,1.0,0.7679676041070607,3.92705862876669
0.11438319710829314,0.038805235766010304,0.8264480221139344,-0.13779730802391144,-1.0,-0.6719299803754203,0.9023659891093715
-1.0,-0.2552931870966945,0.4402129843159929,-0.08509377935128692,-1.0,0.12447826421564068,-2.8918606473559967
0.26829139219608944,0.12011535690464603,0.8571606671693451,1.0,1.0,0.5302762709841254,-2.2600916710549055
-0.4884102463799499,0.03530008203829496,0.2930853668378277,-0.15198577735337893,1.0,0.5629194726357867,1.0557559818362652
1.0,0.3748349960321118,-0.009094916848677803,0.23716222588219016,0.08377767064119035,0.36214318024658876,0.2982750560576167
0.25078343764497646,0.1256490456385955,-0.6630787203928099,-0.9017475750676344,1.0,0.029903567631059724,-0.0025354673499479174
-0.3869000614553809,-0.22391241290883346,-1.0,-1.0,0.9662440201781316,0.3412920069020031,1.068683098991026
0.23690180999391752,1.0,1.0,1.0,-0.348697527761021,1.0,-3.3682083999257424
0.10303782292073144,-0.5031229361135477,-0.443731276687938,-0.40228201447917766,-0.7026427532512735,-1.0,3.2442569917690998
-1.0,0.6450612774282695,-1.0,0.8159484177700502,0.2699588365717054,0.4646350270156539,2.2901430979350015
0.754321308229269,0.4601572089515893,0.8209656409275005,1.0,-0.030555865121711018,-0.27027530845649905,-0.5197028105939758
0.005802462487810134,0.5153168253448221,-0.3923943875084651,-0.828447047710807,1.0,0.8270544462787667,5.395309903537958
-0.7562378747207741,-0.957697030154621,-0.30908774425191166,-0.6410302375826347,0.026226505719744497,0.10631468496813212,-1.5200579452860152
0.09018693718198015,-0.23975334310503882,1.0,-1.0,-0.8862391305146102,0.7233727285606347,-0.9338288191294473
0.2898871975938788,1.0,0.847561868007025,0.015725608899191612,-0.2868423261956148,0.793896560718544,-0.7931046393430805
-1.0,-0.6980233642771989,-1.0,0.038586642394154214,-1.0,0.0529730787238224,-3.805607875089896
1.0,-0.25821955694571214,0.5736498849686937,1.0,0.8020345937873257,0.47790130278685816,-2.875454681699342
1.0,0.018428795494290107,1.0,0.7893050721715147,0.9242993339578875,-0.3814453195248648,-3.1027375581069645
-0.051985011644694934,-1.0,-1.0,-0.4126833805691452,1.0,1.0,1.7248308285105562
0.46936285581007675,-0.5657783899854762,-0.5078680936817208,-0.269968352712487,-0.7632161174468698,-1.0,4.432802029342878
-0.7773442680944496,-1.0,0.13916891188443425,0.34177117689734515,-0.649804876796294,-0.8489337987961533,0.7199576613600143
1.0,1.0,1.0,0.5943266609585063,0.44824914756662526,1.0,-5.386482254268432
-0.17974276775572648,0.4636743153604713,-0.6595771368458645,0.07891641466874033,0.1649739166142471,-1.0,2.899333991224413
-1.0,-0.04381897636985421,-0.2295781209491874,-0.8088132604632774,0.8052885235120647,-0.5871935713714498,4.962530343165153
1.0,1.0,-0.07096749408680258,0.13363481062312332,0.05991352242755893,-0.7590746931928588,2.373575540276535
0.2801023907397254,-0.972743010503152,-0.1831905797515957,-0.3641883242807141,-0.3262325626159944,-0.5921220787047679,2.294785211154674
-0.40480817948375236,0.16384057718873446,1.0,-0.23962658552347846,1.0,0.07512336682282861,0.9749656601216456
0.3855606585628788,-0.3403847819496684,-1.0,-0.11243635510041927,-0.8323709184507488,-1.0,3.460102291201383
0.6131079860963409,1.0,0.2248204581078822,0.37832035322118884,0.06623103985798001,0.15692598418540463,-0.8298889627838962
-0.5062646361318557,-0.03754911888645074,-1.0,-0.5458068324417309,1.0,-1.0,3.58491572360176
-1.0,-1.0,-0.27658032209290684,-1.0,1.0,0.985582411345246,1.540344314385554
-1.0,-0.04426145860123942,-0.12066362393148666,-1.0,0.13983955366330694,-0.36354944731864136,1.0757882828141996
-1.0,-1.0,0.05878305958220609,-0.1936210653852959,-0.7515607839820233,-0.7481279867936823,0.6844988543748991
0.373728371149858,1.0,0.5586619384860527,1.0,-1.0,0.5262839679295013,1.5490762637335755
-0.21147484533524996,-0.18293493530205351,-0.7013357176347716,-0.7744727496719441,0.9184223781130687,-0.5562940111175804,1.5064570598138247
0.968833287930708,0.13454127622862067,0.5627321649912251,0.6247673606687039,1.0,0.973220464396674,-1.6693053162647336
-1.0,-0.5064997050091438,-0.9940544966128295,-0.2960937178543064,-0.6765287418816162,-1.0,3.365358163907806
0.03643613554079117,0.045152019916485764,0.9818583008348325,-0.38588288406172566,1.0,0.9308591348118982,-2.68341127378912
-0.1671901555477936,-0.7586933487636528,0.48176647592106786,0.044387111246487254,-0.9841952259927578,-0.20929205383985705,0.6203329511491131
-0.6363862944928382,-0.8923861784376068,0.392075916908714,-1.0,-1.0,-1.0,6.762117146489728
-0.9415169999095023,1.0,-0.6945555773729086,-0.4041630169820525,-0.27904326092982723,1.0,8.511800455187242
-0.027421988995947694,1.0,-0.6646084435196598,-0.34555833293954974,-1.0,-0.8251460517309808,0.31195590047005706
1.0,1.0,1.0,1.0,-0.11084897849485675,1.0,-4.856359156514133
-0.6079232296008186,0.04041778989434336,0.8995431976666024,-0.42543748221659694,0.003025843443027032,-0.35537771884270264,1.1424822451973315
-0.5814774914866664,-0.09065985456237224,-1.0,0.08719704148752827,-0.28218296360041817,1.0,7.48623153922061
1.0,0.022224520933590897,0.5691094767282909,1.0,0.16407933548727405,1.0,-0.14588898299792047
0.7192408918448976,1.0,0.369389149740315,1.0,-1.0,0.3489056166365129,4.009461948435292
-0.16030754362821587,-0.5530605441134021,-0.7246143830898248,0.3329615267673095,-1.0,0.23293186852328773,0.005291908439464421
1.0,1.0,0.16324750713709324,1.0,-0.4465795988842962,-0.8423890557701658,7.576053265709803
-1.0,-1.0,0.2929999472792221,-0.09835570086367063,-0.6273711577973382,-0.472732159508209,0.9709350986910613
1.0,0.9704159628742437,-0.22337075811626506,1.0,-0.8545338298446998,-1.0,10.653706453545743
